-- cleanup assign role perms for all kfs users for reviewer roles
delete from krim_role_perm_t where perm_id in ('53', '57', '104', '118')
/
delete from krim_perm_attr_data_t where target_primary_key in ('53', '57', '104', '118')
/
delete from krim_perm_rqrd_attr_t where perm_id in ('53', '57', '104', '118')
/
delete from krim_perm_t where perm_id in ('53', '57', '104', '118')
/

-- create Modify Entity perm granted to no one by default controlling modification of institutional person data
INSERT INTO KRIM_PERM_T(PERM_ID, OBJ_ID, VER_NBR, PERM_TMPL_ID, NM, DESC_TXT, ACTV_IND, NMSPC_CD) 
    VALUES('307', sys_guid(), 1, '1', 'Modify Entity', null, 'Y', 'KR-IDM')
/

-- correcting roles only used for routing to be named reviewer
update krim_role_t set role_nm = 'Disbursement Reviewer' where role_id = '12'
/
update krim_role_t set role_nm = 'Reviewer' where role_id = '56'
/

-- correcting fact that contract managers were directly given purchasing processor perms when they have the purchasing processor role
delete from krim_role_perm_t where role_id in ('25', '47') and perm_id in (select perm_id from krim_role_perm_t where role_id = '26')
/

drop table KREW_APP_CNST_T
/

-- add ar role member test data
-- kfs-sys ar manager
update krim_role_mbr_t set mbr_id = '1312601202' where role_mbr_id = '1035'
/
INSERT INTO KRIM_ROLE_MBR_T(ROLE_MBR_ID, VER_NBR, OBJ_ID, ROLE_ID, MBR_ID, MBR_TYP_CD, ACTV_FRM_DT, ACTV_TO_DT, LAST_UPDT_DT) 
    VALUES('1656', 1, sys_guid(), '31', '4034202607', 'P', null, null, SYSDATE)
/
INSERT INTO KRIM_ROLE_MBR_T(ROLE_MBR_ID, VER_NBR, OBJ_ID, ROLE_ID, MBR_ID, MBR_TYP_CD, ACTV_FRM_DT, ACTV_TO_DT, LAST_UPDT_DT) 
    VALUES('1657', 1, sys_guid(), '31', '5725905238', 'P', null, null, SYSDATE)
/
-- lockbox
update krim_role_mbr_t set mbr_id = '5269109539' where role_mbr_id = '911'
/
update krim_role_mbr_attr_data_t set attr_val = 'IN' where ATTR_DATA_ID = '2735'
/
update krim_role_mbr_attr_data_t set attr_val = 'ACCT' where ATTR_DATA_ID = '2736'
/
update krim_role_mbr_t set mbr_id = '3771303577' where role_mbr_id = '912'
/
update krim_role_mbr_t set mbr_id = '3554107164' where role_mbr_id = '914'
/
update krim_role_mbr_t set mbr_id = '4052406505' where role_mbr_id = '913'
/
INSERT INTO KRIM_ROLE_MBR_T(ROLE_MBR_ID, VER_NBR, OBJ_ID, ROLE_ID, MBR_ID, MBR_TYP_CD, ACTV_FRM_DT, ACTV_TO_DT, LAST_UPDT_DT) 
    VALUES('1658', 1, sys_guid(), '30', '2557302698', 'P', null, null, SYSDATE)
/
INSERT INTO KRIM_ROLE_MBR_ATTR_DATA_T(ATTR_DATA_ID, OBJ_ID, VER_NBR, TARGET_PRIMARY_KEY, KIM_TYP_ID, KIM_ATTR_DEFN_ID, ATTR_VAL) 
    VALUES('3054', sys_guid(), 1, '1658', '27', '22', 'UA')
/
INSERT INTO KRIM_ROLE_MBR_ATTR_DATA_T(ATTR_DATA_ID, OBJ_ID, VER_NBR, TARGET_PRIMARY_KEY, KIM_TYP_ID, KIM_ATTR_DEFN_ID, ATTR_VAL) 
    VALUES('3055', sys_guid(), 1, '1658', '27', '24', 'VPIT')
/
INSERT INTO KRIM_ROLE_MBR_T(ROLE_MBR_ID, VER_NBR, OBJ_ID, ROLE_ID, MBR_ID, MBR_TYP_CD, ACTV_FRM_DT, ACTV_TO_DT, LAST_UPDT_DT) 
    VALUES('1659', 1, sys_guid(), '30', '2093401908', 'P', null, null, SYSDATE)
/
INSERT INTO KRIM_ROLE_MBR_ATTR_DATA_T(ATTR_DATA_ID, OBJ_ID, VER_NBR, TARGET_PRIMARY_KEY, KIM_TYP_ID, KIM_ATTR_DEFN_ID, ATTR_VAL) 
    VALUES('3056', sys_guid(), 1, '1659', '27', '22', 'UA')
/
INSERT INTO KRIM_ROLE_MBR_ATTR_DATA_T(ATTR_DATA_ID, OBJ_ID, VER_NBR, TARGET_PRIMARY_KEY, KIM_TYP_ID, KIM_ATTR_DEFN_ID, ATTR_VAL) 
    VALUES('3057', sys_guid(), 1, '1659', '27', '24', 'VPIT')
/
-- tax number users
INSERT INTO KRIM_ROLE_MBR_T(ROLE_MBR_ID, VER_NBR, OBJ_ID, ROLE_ID, MBR_ID, MBR_TYP_CD, ACTV_FRM_DT, ACTV_TO_DT, LAST_UPDT_DT) 
    VALUES('1660', 1, sys_guid(), '49', '1416100736', 'P', null, null, SYSDATE)
/
INSERT INTO KRIM_ROLE_MBR_T(ROLE_MBR_ID, VER_NBR, OBJ_ID, ROLE_ID, MBR_ID, MBR_TYP_CD, ACTV_FRM_DT, ACTV_TO_DT, LAST_UPDT_DT) 
    VALUES('1661', 1, sys_guid(), '49', '5729300245', 'P', null, null, SYSDATE)
/
-- invoice recurrence
INSERT INTO KRIM_ROLE_MBR_T(ROLE_MBR_ID, VER_NBR, OBJ_ID, ROLE_ID, MBR_ID, MBR_TYP_CD, ACTV_FRM_DT, ACTV_TO_DT, LAST_UPDT_DT) 
    VALUES('1662', 1, sys_guid(), '76', '1416100736', 'P', null, null, SYSDATE)
/
INSERT INTO KRIM_ROLE_MBR_ATTR_DATA_T(ATTR_DATA_ID, OBJ_ID, VER_NBR, TARGET_PRIMARY_KEY, KIM_TYP_ID, KIM_ATTR_DEFN_ID, ATTR_VAL) 
    VALUES('3058', sys_guid(), 1, '1662', '27', '22', 'EA')
/
INSERT INTO KRIM_ROLE_MBR_ATTR_DATA_T(ATTR_DATA_ID, OBJ_ID, VER_NBR, TARGET_PRIMARY_KEY, KIM_TYP_ID, KIM_ATTR_DEFN_ID, ATTR_VAL) 
    VALUES('3059', sys_guid(), 1, '1662', '27', '24', 'BOOK')
/
INSERT INTO KRIM_ROLE_MBR_T(ROLE_MBR_ID, VER_NBR, OBJ_ID, ROLE_ID, MBR_ID, MBR_TYP_CD, ACTV_FRM_DT, ACTV_TO_DT, LAST_UPDT_DT) 
    VALUES('1663', 1, sys_guid(), '76', '4576403588', 'P', null, null, SYSDATE)
/
INSERT INTO KRIM_ROLE_MBR_ATTR_DATA_T(ATTR_DATA_ID, OBJ_ID, VER_NBR, TARGET_PRIMARY_KEY, KIM_TYP_ID, KIM_ATTR_DEFN_ID, ATTR_VAL) 
    VALUES('3060', sys_guid(), 1, '1663', '27', '22', 'IN')
/
INSERT INTO KRIM_ROLE_MBR_ATTR_DATA_T(ATTR_DATA_ID, OBJ_ID, VER_NBR, TARGET_PRIMARY_KEY, KIM_TYP_ID, KIM_ATTR_DEFN_ID, ATTR_VAL) 
    VALUES('3061', sys_guid(), 1, '1663', '27', '24', 'LART')
/
INSERT INTO KRIM_ROLE_MBR_T(ROLE_MBR_ID, VER_NBR, OBJ_ID, ROLE_ID, MBR_ID, MBR_TYP_CD, ACTV_FRM_DT, ACTV_TO_DT, LAST_UPDT_DT) 
    VALUES('1664', 1, sys_guid(), '76', '5187400048', 'P', null, null, SYSDATE)
/
INSERT INTO KRIM_ROLE_MBR_ATTR_DATA_T(ATTR_DATA_ID, OBJ_ID, VER_NBR, TARGET_PRIMARY_KEY, KIM_TYP_ID, KIM_ATTR_DEFN_ID, ATTR_VAL) 
    VALUES('3062', sys_guid(), 1, '1664', '27', '22', 'IN')
/
INSERT INTO KRIM_ROLE_MBR_ATTR_DATA_T(ATTR_DATA_ID, OBJ_ID, VER_NBR, TARGET_PRIMARY_KEY, KIM_TYP_ID, KIM_ATTR_DEFN_ID, ATTR_VAL) 
    VALUES('3063', sys_guid(), 1, '1664', '27', '24', 'LART')
/
INSERT INTO KRIM_ROLE_MBR_T(ROLE_MBR_ID, VER_NBR, OBJ_ID, ROLE_ID, MBR_ID, MBR_TYP_CD, ACTV_FRM_DT, ACTV_TO_DT, LAST_UPDT_DT) 
    VALUES('1665', 1, sys_guid(), '76', '4986309372', 'P', null, null, SYSDATE)
/
INSERT INTO KRIM_ROLE_MBR_ATTR_DATA_T(ATTR_DATA_ID, OBJ_ID, VER_NBR, TARGET_PRIMARY_KEY, KIM_TYP_ID, KIM_ATTR_DEFN_ID, ATTR_VAL) 
    VALUES('3064', sys_guid(), 1, '1665', '27', '22', 'IN')
/
INSERT INTO KRIM_ROLE_MBR_ATTR_DATA_T(ATTR_DATA_ID, OBJ_ID, VER_NBR, TARGET_PRIMARY_KEY, KIM_TYP_ID, KIM_ATTR_DEFN_ID, ATTR_VAL) 
    VALUES('3065', sys_guid(), 1, '1665', '27', '24', 'LART')
/
INSERT INTO KRIM_ROLE_MBR_T(ROLE_MBR_ID, VER_NBR, OBJ_ID, ROLE_ID, MBR_ID, MBR_TYP_CD, ACTV_FRM_DT, ACTV_TO_DT, LAST_UPDT_DT) 
    VALUES('1666', 1, sys_guid(), '76', '4189006519', 'P', null, null, SYSDATE)
/
INSERT INTO KRIM_ROLE_MBR_ATTR_DATA_T(ATTR_DATA_ID, OBJ_ID, VER_NBR, TARGET_PRIMARY_KEY, KIM_TYP_ID, KIM_ATTR_DEFN_ID, ATTR_VAL) 
    VALUES('3066', sys_guid(), 1, '1666', '27', '22', 'IN')
/
INSERT INTO KRIM_ROLE_MBR_ATTR_DATA_T(ATTR_DATA_ID, OBJ_ID, VER_NBR, TARGET_PRIMARY_KEY, KIM_TYP_ID, KIM_ATTR_DEFN_ID, ATTR_VAL) 
    VALUES('3067', sys_guid(), 1, '1666', '27', '24', 'LART')
/
INSERT INTO KRIM_ROLE_MBR_T(ROLE_MBR_ID, VER_NBR, OBJ_ID, ROLE_ID, MBR_ID, MBR_TYP_CD, ACTV_FRM_DT, ACTV_TO_DT, LAST_UPDT_DT) 
    VALUES('1667', 1, sys_guid(), '76', '5917508140', 'P', null, null, SYSDATE)
/
INSERT INTO KRIM_ROLE_MBR_ATTR_DATA_T(ATTR_DATA_ID, OBJ_ID, VER_NBR, TARGET_PRIMARY_KEY, KIM_TYP_ID, KIM_ATTR_DEFN_ID, ATTR_VAL) 
    VALUES('3068', sys_guid(), 1, '1667', '27', '22', 'UA')
/
INSERT INTO KRIM_ROLE_MBR_ATTR_DATA_T(ATTR_DATA_ID, OBJ_ID, VER_NBR, TARGET_PRIMARY_KEY, KIM_TYP_ID, KIM_ATTR_DEFN_ID, ATTR_VAL) 
    VALUES('3069', sys_guid(), 1, '1667', '27', '24', 'VPIT')
/
INSERT INTO KRIM_ROLE_MBR_T(ROLE_MBR_ID, VER_NBR, OBJ_ID, ROLE_ID, MBR_ID, MBR_TYP_CD, ACTV_FRM_DT, ACTV_TO_DT, LAST_UPDT_DT) 
    VALUES('1668', 1, sys_guid(), '76', '5390502344', 'P', null, null, SYSDATE)
/
INSERT INTO KRIM_ROLE_MBR_ATTR_DATA_T(ATTR_DATA_ID, OBJ_ID, VER_NBR, TARGET_PRIMARY_KEY, KIM_TYP_ID, KIM_ATTR_DEFN_ID, ATTR_VAL) 
    VALUES('3070', sys_guid(), 1, '1668', '27', '22', 'UA')
/
INSERT INTO KRIM_ROLE_MBR_ATTR_DATA_T(ATTR_DATA_ID, OBJ_ID, VER_NBR, TARGET_PRIMARY_KEY, KIM_TYP_ID, KIM_ATTR_DEFN_ID, ATTR_VAL) 
    VALUES('3071', sys_guid(), 1, '1668', '27', '24', 'VPIT')
/
INSERT INTO KRIM_ROLE_MBR_T(ROLE_MBR_ID, VER_NBR, OBJ_ID, ROLE_ID, MBR_ID, MBR_TYP_CD, ACTV_FRM_DT, ACTV_TO_DT, LAST_UPDT_DT) 
    VALUES('1669', 1, sys_guid(), '76', '1394308640', 'P', null, null, SYSDATE)
/
INSERT INTO KRIM_ROLE_MBR_ATTR_DATA_T(ATTR_DATA_ID, OBJ_ID, VER_NBR, TARGET_PRIMARY_KEY, KIM_TYP_ID, KIM_ATTR_DEFN_ID, ATTR_VAL) 
    VALUES('3072', sys_guid(), 1, '1669', '27', '22', 'UA')
/
INSERT INTO KRIM_ROLE_MBR_ATTR_DATA_T(ATTR_DATA_ID, OBJ_ID, VER_NBR, TARGET_PRIMARY_KEY, KIM_TYP_ID, KIM_ATTR_DEFN_ID, ATTR_VAL) 
    VALUES('3073', sys_guid(), 1, '1669', '27', '24', 'VPIT')
/

-- populate question reviewer role
INSERT INTO KRIM_ROLE_MBR_T(ROLE_MBR_ID, VER_NBR, OBJ_ID, ROLE_ID, MBR_ID, MBR_TYP_CD, ACTV_FRM_DT, ACTV_TO_DT, LAST_UPDT_DT) 
    VALUES('1670', 1, sys_guid(), '77', '2615708929', 'P', null, null, SYSDATE)
/
INSERT INTO KRIM_ROLE_MBR_ATTR_DATA_T(ATTR_DATA_ID, OBJ_ID, VER_NBR, TARGET_PRIMARY_KEY, KIM_TYP_ID, KIM_ATTR_DEFN_ID, ATTR_VAL) 
    VALUES('3074', sys_guid(), 1, '1670', '55', '43', 'C')
/
INSERT INTO KRIM_ROLE_MBR_T(ROLE_MBR_ID, VER_NBR, OBJ_ID, ROLE_ID, MBR_ID, MBR_TYP_CD, ACTV_FRM_DT, ACTV_TO_DT, LAST_UPDT_DT) 
    VALUES('1671', 1, sys_guid(), '77', '2615708929', 'P', null, null, SYSDATE)
/
INSERT INTO KRIM_ROLE_MBR_ATTR_DATA_T(ATTR_DATA_ID, OBJ_ID, VER_NBR, TARGET_PRIMARY_KEY, KIM_TYP_ID, KIM_ATTR_DEFN_ID, ATTR_VAL) 
    VALUES('3075', sys_guid(), 1, '1671', '55', '43', 'F')
/
INSERT INTO KRIM_ROLE_MBR_T(ROLE_MBR_ID, VER_NBR, OBJ_ID, ROLE_ID, MBR_ID, MBR_TYP_CD, ACTV_FRM_DT, ACTV_TO_DT, LAST_UPDT_DT) 
    VALUES('1672', 1, sys_guid(), '77', '2615708929', 'P', null, null, SYSDATE)
/
INSERT INTO KRIM_ROLE_MBR_ATTR_DATA_T(ATTR_DATA_ID, OBJ_ID, VER_NBR, TARGET_PRIMARY_KEY, KIM_TYP_ID, KIM_ATTR_DEFN_ID, ATTR_VAL) 
    VALUES('3076', sys_guid(), 1, '1672', '55', '43', 'N')
/
INSERT INTO KRIM_ROLE_MBR_T(ROLE_MBR_ID, VER_NBR, OBJ_ID, ROLE_ID, MBR_ID, MBR_TYP_CD, ACTV_FRM_DT, ACTV_TO_DT, LAST_UPDT_DT) 
    VALUES('1673', 1, sys_guid(), '77', '2615708929', 'P', null, null, SYSDATE)
/
INSERT INTO KRIM_ROLE_MBR_ATTR_DATA_T(ATTR_DATA_ID, OBJ_ID, VER_NBR, TARGET_PRIMARY_KEY, KIM_TYP_ID, KIM_ATTR_DEFN_ID, ATTR_VAL) 
    VALUES('3077', sys_guid(), 1, '1673', '55', '43', 'P')
/
INSERT INTO KRIM_ROLE_MBR_T(ROLE_MBR_ID, VER_NBR, OBJ_ID, ROLE_ID, MBR_ID, MBR_TYP_CD, ACTV_FRM_DT, ACTV_TO_DT, LAST_UPDT_DT) 
    VALUES('1674', 1, sys_guid(), '77', '2717804241', 'P', null, null, SYSDATE)
/
INSERT INTO KRIM_ROLE_MBR_ATTR_DATA_T(ATTR_DATA_ID, OBJ_ID, VER_NBR, TARGET_PRIMARY_KEY, KIM_TYP_ID, KIM_ATTR_DEFN_ID, ATTR_VAL) 
    VALUES('3078', sys_guid(), 1, '1674', '55', '43', 'S')
/
INSERT INTO KRIM_ROLE_MBR_T(ROLE_MBR_ID, VER_NBR, OBJ_ID, ROLE_ID, MBR_ID, MBR_TYP_CD, ACTV_FRM_DT, ACTV_TO_DT, LAST_UPDT_DT) 
    VALUES('1675', 1, sys_guid(), '77', '2717804241', 'P', null, null, SYSDATE)
/
INSERT INTO KRIM_ROLE_MBR_ATTR_DATA_T(ATTR_DATA_ID, OBJ_ID, VER_NBR, TARGET_PRIMARY_KEY, KIM_TYP_ID, KIM_ATTR_DEFN_ID, ATTR_VAL) 
    VALUES('3079', sys_guid(), 1, '1675', '55', '43', 'T')
/
INSERT INTO KRIM_ROLE_MBR_T(ROLE_MBR_ID, VER_NBR, OBJ_ID, ROLE_ID, MBR_ID, MBR_TYP_CD, ACTV_FRM_DT, ACTV_TO_DT, LAST_UPDT_DT) 
    VALUES('1676', 1, sys_guid(), '77', '2717804241', 'P', null, null, SYSDATE)
/
INSERT INTO KRIM_ROLE_MBR_ATTR_DATA_T(ATTR_DATA_ID, OBJ_ID, VER_NBR, TARGET_PRIMARY_KEY, KIM_TYP_ID, KIM_ATTR_DEFN_ID, ATTR_VAL) 
    VALUES('3080', sys_guid(), 1, '1676', '55', '43', 'P')
/
INSERT INTO KRIM_ROLE_MBR_T(ROLE_MBR_ID, VER_NBR, OBJ_ID, ROLE_ID, MBR_ID, MBR_TYP_CD, ACTV_FRM_DT, ACTV_TO_DT, LAST_UPDT_DT) 
    VALUES('1677', 1, sys_guid(), '77', '2717804241', 'P', null, null, SYSDATE)
/
INSERT INTO KRIM_ROLE_MBR_ATTR_DATA_T(ATTR_DATA_ID, OBJ_ID, VER_NBR, TARGET_PRIMARY_KEY, KIM_TYP_ID, KIM_ATTR_DEFN_ID, ATTR_VAL) 
    VALUES('3081', sys_guid(), 1, '1677', '55', '43', 'C')
/

-- purchasing routing testing data
-- content review no longer needs to be forced, since it's backed up by reroute to initiator
update krim_role_rsp_actn_t set ignore_prev_ind = 'N' where role_rsp_actn_id in ('8', '9')
/
-- switch current approved for BL-PSY
update krim_role_mbr_t set mbr_id = '4146202628' where role_mbr_id = '1289'
/
-- switch current assign for UA-VPIT to BL-VPIT and current approver
update krim_role_mbr_attr_data_t set attr_val = 'BL' where attr_data_id = '2912'
/
update krim_role_mbr_t set mbr_id = '4124805803' where role_mbr_id = '1290'
/
-- insert other content approvers
INSERT INTO KRIM_ROLE_MBR_T(ROLE_MBR_ID, VER_NBR, OBJ_ID, ROLE_ID, MBR_ID, MBR_TYP_CD, ACTV_FRM_DT, ACTV_TO_DT, LAST_UPDT_DT) 
    VALUES('1678', 1, sys_guid(), '24', '2930203477', 'P', null, null, SYSDATE)
/
INSERT INTO KRIM_ROLE_MBR_ATTR_DATA_T(ATTR_DATA_ID, OBJ_ID, VER_NBR, TARGET_PRIMARY_KEY, KIM_TYP_ID, KIM_ATTR_DEFN_ID, ATTR_VAL) 
    VALUES('3082', sys_guid(), 1, '1678', '27', '22', 'BL')
/
INSERT INTO KRIM_ROLE_MBR_ATTR_DATA_T(ATTR_DATA_ID, OBJ_ID, VER_NBR, TARGET_PRIMARY_KEY, KIM_TYP_ID, KIM_ATTR_DEFN_ID, ATTR_VAL) 
    VALUES('3083', sys_guid(), 1, '1678', '27', '24', 'ARSD')
/
INSERT INTO KRIM_ROLE_RSP_ACTN_T(ROLE_RSP_ACTN_ID, OBJ_ID, VER_NBR, ACTN_TYP_CD, PRIORITY_NBR, ACTN_PLCY_CD, ROLE_MBR_ID, ROLE_RSP_ID, IGNORE_PREV_IND) 
    VALUES('140', sys_guid(), 1, 'A', null, 'F', '1678', '1008', 'N')
/
INSERT INTO KRIM_ROLE_MBR_T(ROLE_MBR_ID, VER_NBR, OBJ_ID, ROLE_ID, MBR_ID, MBR_TYP_CD, ACTV_FRM_DT, ACTV_TO_DT, LAST_UPDT_DT) 
    VALUES('1679', 1, sys_guid(), '24', '3679505261', 'P', null, null, SYSDATE)
/
INSERT INTO KRIM_ROLE_MBR_ATTR_DATA_T(ATTR_DATA_ID, OBJ_ID, VER_NBR, TARGET_PRIMARY_KEY, KIM_TYP_ID, KIM_ATTR_DEFN_ID, ATTR_VAL) 
    VALUES('3084', sys_guid(), 1, '1679', '27', '22', 'BL')
/
INSERT INTO KRIM_ROLE_MBR_ATTR_DATA_T(ATTR_DATA_ID, OBJ_ID, VER_NBR, TARGET_PRIMARY_KEY, KIM_TYP_ID, KIM_ATTR_DEFN_ID, ATTR_VAL) 
    VALUES('3085', sys_guid(), 1, '1679', '27', '24', 'RUAD')
/
INSERT INTO KRIM_ROLE_RSP_ACTN_T(ROLE_RSP_ACTN_ID, OBJ_ID, VER_NBR, ACTN_TYP_CD, PRIORITY_NBR, ACTN_PLCY_CD, ROLE_MBR_ID, ROLE_RSP_ID, IGNORE_PREV_IND) 
    VALUES('141', sys_guid(), 1, 'A', null, 'F', '1679', '1008', 'N')
/
INSERT INTO KRIM_ROLE_MBR_T(ROLE_MBR_ID, VER_NBR, OBJ_ID, ROLE_ID, MBR_ID, MBR_TYP_CD, ACTV_FRM_DT, ACTV_TO_DT, LAST_UPDT_DT) 
    VALUES('1680', 1, sys_guid(), '24', '6259500614', 'P', null, null, SYSDATE)
/
INSERT INTO KRIM_ROLE_MBR_ATTR_DATA_T(ATTR_DATA_ID, OBJ_ID, VER_NBR, TARGET_PRIMARY_KEY, KIM_TYP_ID, KIM_ATTR_DEFN_ID, ATTR_VAL) 
    VALUES('3086', sys_guid(), 1, '1680', '27', '22', 'BL')
/
INSERT INTO KRIM_ROLE_MBR_ATTR_DATA_T(ATTR_DATA_ID, OBJ_ID, VER_NBR, TARGET_PRIMARY_KEY, KIM_TYP_ID, KIM_ATTR_DEFN_ID, ATTR_VAL) 
    VALUES('3087', sys_guid(), 1, '1680', '27', '24', 'PHYS')
/
INSERT INTO KRIM_ROLE_RSP_ACTN_T(ROLE_RSP_ACTN_ID, OBJ_ID, VER_NBR, ACTN_TYP_CD, PRIORITY_NBR, ACTN_PLCY_CD, ROLE_MBR_ID, ROLE_RSP_ID, IGNORE_PREV_IND) 
    VALUES('142', sys_guid(), 1, 'A', null, 'F', '1680', '1008', 'N')
/
INSERT INTO KRIM_ROLE_MBR_T(ROLE_MBR_ID, VER_NBR, OBJ_ID, ROLE_ID, MBR_ID, MBR_TYP_CD, ACTV_FRM_DT, ACTV_TO_DT, LAST_UPDT_DT) 
    VALUES('1681', 1, sys_guid(), '24', '3620801617', 'P', null, null, SYSDATE)
/
INSERT INTO KRIM_ROLE_MBR_ATTR_DATA_T(ATTR_DATA_ID, OBJ_ID, VER_NBR, TARGET_PRIMARY_KEY, KIM_TYP_ID, KIM_ATTR_DEFN_ID, ATTR_VAL) 
    VALUES('3088', sys_guid(), 1, '1681', '27', '22', 'BL')
/
INSERT INTO KRIM_ROLE_MBR_ATTR_DATA_T(ATTR_DATA_ID, OBJ_ID, VER_NBR, TARGET_PRIMARY_KEY, KIM_TYP_ID, KIM_ATTR_DEFN_ID, ATTR_VAL) 
    VALUES('3089', sys_guid(), 1, '1681', '27', '24', 'SOC')
/
INSERT INTO KRIM_ROLE_RSP_ACTN_T(ROLE_RSP_ACTN_ID, OBJ_ID, VER_NBR, ACTN_TYP_CD, PRIORITY_NBR, ACTN_PLCY_CD, ROLE_MBR_ID, ROLE_RSP_ID, IGNORE_PREV_IND) 
    VALUES('143', sys_guid(), 1, 'A', null, 'F', '1681', '1008', 'N')
/
INSERT INTO KRIM_ROLE_MBR_T(ROLE_MBR_ID, VER_NBR, OBJ_ID, ROLE_ID, MBR_ID, MBR_TYP_CD, ACTV_FRM_DT, ACTV_TO_DT, LAST_UPDT_DT) 
    VALUES('1682', 1, sys_guid(), '24', '1257009999', 'P', null, null, SYSDATE)
/
INSERT INTO KRIM_ROLE_MBR_ATTR_DATA_T(ATTR_DATA_ID, OBJ_ID, VER_NBR, TARGET_PRIMARY_KEY, KIM_TYP_ID, KIM_ATTR_DEFN_ID, ATTR_VAL) 
    VALUES('3090', sys_guid(), 1, '1682', '27', '22', 'BL')
/
INSERT INTO KRIM_ROLE_MBR_ATTR_DATA_T(ATTR_DATA_ID, OBJ_ID, VER_NBR, TARGET_PRIMARY_KEY, KIM_TYP_ID, KIM_ATTR_DEFN_ID, ATTR_VAL) 
    VALUES('3091', sys_guid(), 1, '1682', '27', '24', 'BI')
/
INSERT INTO KRIM_ROLE_RSP_ACTN_T(ROLE_RSP_ACTN_ID, OBJ_ID, VER_NBR, ACTN_TYP_CD, PRIORITY_NBR, ACTN_PLCY_CD, ROLE_MBR_ID, ROLE_RSP_ID, IGNORE_PREV_IND) 
    VALUES('144', sys_guid(), 1, 'A', null, 'F', '1682', '1008', 'N')
/
-- purap accounting reviewers
INSERT INTO KRIM_ROLE_MBR_T(ROLE_MBR_ID, VER_NBR, OBJ_ID, ROLE_ID, MBR_ID, MBR_TYP_CD, ACTV_FRM_DT, ACTV_TO_DT, LAST_UPDT_DT) 
    VALUES('1683', 1, sys_guid(), '28', '4189500212', 'P', null, null, SYSDATE)
/
INSERT INTO KRIM_ROLE_MBR_ATTR_DATA_T(ATTR_DATA_ID, OBJ_ID, VER_NBR, TARGET_PRIMARY_KEY, KIM_TYP_ID, KIM_ATTR_DEFN_ID, ATTR_VAL) 
    VALUES('3154', sys_guid(), 1, '1683', '30', '13', 'PurchasingAccountsPayableTransactionalDocument')
/
INSERT INTO KRIM_ROLE_MBR_ATTR_DATA_T(ATTR_DATA_ID, OBJ_ID, VER_NBR, TARGET_PRIMARY_KEY, KIM_TYP_ID, KIM_ATTR_DEFN_ID, ATTR_VAL) 
    VALUES('3155', sys_guid(), 1, '1683', '30', '22', 'BL')
/
INSERT INTO KRIM_ROLE_MBR_ATTR_DATA_T(ATTR_DATA_ID, OBJ_ID, VER_NBR, TARGET_PRIMARY_KEY, KIM_TYP_ID, KIM_ATTR_DEFN_ID, ATTR_VAL) 
    VALUES('3092', sys_guid(), 1, '1683', '30', '24', 'PSY')
/
INSERT INTO KRIM_ROLE_MBR_ATTR_DATA_T(ATTR_DATA_ID, OBJ_ID, VER_NBR, TARGET_PRIMARY_KEY, KIM_TYP_ID, KIM_ATTR_DEFN_ID, ATTR_VAL) 
    VALUES('3093', sys_guid(), 1, '1683', '30', '26', '20000')
/
INSERT INTO KRIM_ROLE_RSP_ACTN_T(ROLE_RSP_ACTN_ID, OBJ_ID, VER_NBR, ACTN_TYP_CD, PRIORITY_NBR, ACTN_PLCY_CD, ROLE_MBR_ID, ROLE_RSP_ID, IGNORE_PREV_IND) 
    VALUES('145', sys_guid(), 1, 'A', 1, 'F', '1683', '1012', 'N')
/
INSERT INTO KRIM_ROLE_MBR_T(ROLE_MBR_ID, VER_NBR, OBJ_ID, ROLE_ID, MBR_ID, MBR_TYP_CD, ACTV_FRM_DT, ACTV_TO_DT, LAST_UPDT_DT) 
    VALUES('1684', 1, sys_guid(), '28', '2615708929', 'P', null, null, SYSDATE)
/
INSERT INTO KRIM_ROLE_MBR_ATTR_DATA_T(ATTR_DATA_ID, OBJ_ID, VER_NBR, TARGET_PRIMARY_KEY, KIM_TYP_ID, KIM_ATTR_DEFN_ID, ATTR_VAL) 
    VALUES('3094', sys_guid(), 1, '1684', '30', '13', 'PurchasingAccountsPayableTransactionalDocument')
/
INSERT INTO KRIM_ROLE_MBR_ATTR_DATA_T(ATTR_DATA_ID, OBJ_ID, VER_NBR, TARGET_PRIMARY_KEY, KIM_TYP_ID, KIM_ATTR_DEFN_ID, ATTR_VAL) 
    VALUES('3095', sys_guid(), 1, '1684', '30', '22', 'BL')
/
INSERT INTO KRIM_ROLE_MBR_ATTR_DATA_T(ATTR_DATA_ID, OBJ_ID, VER_NBR, TARGET_PRIMARY_KEY, KIM_TYP_ID, KIM_ATTR_DEFN_ID, ATTR_VAL) 
    VALUES('3096', sys_guid(), 1, '1684', '30', '24', 'PSY')
/
INSERT INTO KRIM_ROLE_MBR_ATTR_DATA_T(ATTR_DATA_ID, OBJ_ID, VER_NBR, TARGET_PRIMARY_KEY, KIM_TYP_ID, KIM_ATTR_DEFN_ID, ATTR_VAL) 
    VALUES('3097', sys_guid(), 1, '1684', '30', '26', '5000')
/
INSERT INTO KRIM_ROLE_MBR_ATTR_DATA_T(ATTR_DATA_ID, OBJ_ID, VER_NBR, TARGET_PRIMARY_KEY, KIM_TYP_ID, KIM_ATTR_DEFN_ID, ATTR_VAL) 
    VALUES('3098', sys_guid(), 1, '1684', '30', '27', '30000')
/
INSERT INTO KRIM_ROLE_RSP_ACTN_T(ROLE_RSP_ACTN_ID, OBJ_ID, VER_NBR, ACTN_TYP_CD, PRIORITY_NBR, ACTN_PLCY_CD, ROLE_MBR_ID, ROLE_RSP_ID, IGNORE_PREV_IND) 
    VALUES('146', sys_guid(), 1, 'K', 2, 'F', '1684', '1012', 'N')
/
INSERT INTO KRIM_ROLE_MBR_T(ROLE_MBR_ID, VER_NBR, OBJ_ID, ROLE_ID, MBR_ID, MBR_TYP_CD, ACTV_FRM_DT, ACTV_TO_DT, LAST_UPDT_DT) 
    VALUES('1685', 1, sys_guid(), '28', '3898405507', 'P', null, null, SYSDATE)
/
INSERT INTO KRIM_ROLE_MBR_ATTR_DATA_T(ATTR_DATA_ID, OBJ_ID, VER_NBR, TARGET_PRIMARY_KEY, KIM_TYP_ID, KIM_ATTR_DEFN_ID, ATTR_VAL) 
    VALUES('3099', sys_guid(), 1, '1685', '30', '13', 'PurchasingAccountsPayableTransactionalDocument')
/
INSERT INTO KRIM_ROLE_MBR_ATTR_DATA_T(ATTR_DATA_ID, OBJ_ID, VER_NBR, TARGET_PRIMARY_KEY, KIM_TYP_ID, KIM_ATTR_DEFN_ID, ATTR_VAL) 
    VALUES('3100', sys_guid(), 1, '1685', '30', '22', 'BL')
/
INSERT INTO KRIM_ROLE_MBR_ATTR_DATA_T(ATTR_DATA_ID, OBJ_ID, VER_NBR, TARGET_PRIMARY_KEY, KIM_TYP_ID, KIM_ATTR_DEFN_ID, ATTR_VAL) 
    VALUES('3101', sys_guid(), 1, '1685', '30', '24', 'ARSD')
/
INSERT INTO KRIM_ROLE_MBR_ATTR_DATA_T(ATTR_DATA_ID, OBJ_ID, VER_NBR, TARGET_PRIMARY_KEY, KIM_TYP_ID, KIM_ATTR_DEFN_ID, ATTR_VAL) 
    VALUES('3102', sys_guid(), 1, '1685', '30', '26', '20000')
/
INSERT INTO KRIM_ROLE_RSP_ACTN_T(ROLE_RSP_ACTN_ID, OBJ_ID, VER_NBR, ACTN_TYP_CD, PRIORITY_NBR, ACTN_PLCY_CD, ROLE_MBR_ID, ROLE_RSP_ID, IGNORE_PREV_IND) 
    VALUES('147', sys_guid(), 1, 'A', null, 'F', '1685', '1012', 'N')
/
INSERT INTO KRIM_ROLE_MBR_T(ROLE_MBR_ID, VER_NBR, OBJ_ID, ROLE_ID, MBR_ID, MBR_TYP_CD, ACTV_FRM_DT, ACTV_TO_DT, LAST_UPDT_DT) 
    VALUES('1686', 1, sys_guid(), '28', '2498300893', 'P', null, null, SYSDATE)
/
INSERT INTO KRIM_ROLE_MBR_ATTR_DATA_T(ATTR_DATA_ID, OBJ_ID, VER_NBR, TARGET_PRIMARY_KEY, KIM_TYP_ID, KIM_ATTR_DEFN_ID, ATTR_VAL) 
    VALUES('3103', sys_guid(), 1, '1686', '30', '22', 'BL')
/
INSERT INTO KRIM_ROLE_MBR_ATTR_DATA_T(ATTR_DATA_ID, OBJ_ID, VER_NBR, TARGET_PRIMARY_KEY, KIM_TYP_ID, KIM_ATTR_DEFN_ID, ATTR_VAL) 
    VALUES('3104', sys_guid(), 1, '1686', '30', '24', 'RUAD')
/
INSERT INTO KRIM_ROLE_MBR_ATTR_DATA_T(ATTR_DATA_ID, OBJ_ID, VER_NBR, TARGET_PRIMARY_KEY, KIM_TYP_ID, KIM_ATTR_DEFN_ID, ATTR_VAL) 
    VALUES('3105', sys_guid(), 1, '1686', '30', '26', '20000')
/
INSERT INTO KRIM_ROLE_RSP_ACTN_T(ROLE_RSP_ACTN_ID, OBJ_ID, VER_NBR, ACTN_TYP_CD, PRIORITY_NBR, ACTN_PLCY_CD, ROLE_MBR_ID, ROLE_RSP_ID, IGNORE_PREV_IND) 
    VALUES('148', sys_guid(), 1, 'A', null, 'F', '1686', '1012', 'N')
/
INSERT INTO KRIM_ROLE_MBR_T(ROLE_MBR_ID, VER_NBR, OBJ_ID, ROLE_ID, MBR_ID, MBR_TYP_CD, ACTV_FRM_DT, ACTV_TO_DT, LAST_UPDT_DT) 
    VALUES('1687', 1, sys_guid(), '28', '5420400165', 'P', null, null, SYSDATE)
/
INSERT INTO KRIM_ROLE_MBR_ATTR_DATA_T(ATTR_DATA_ID, OBJ_ID, VER_NBR, TARGET_PRIMARY_KEY, KIM_TYP_ID, KIM_ATTR_DEFN_ID, ATTR_VAL) 
    VALUES('3106', sys_guid(), 1, '1687', '30', '22', 'BL')
/
INSERT INTO KRIM_ROLE_MBR_ATTR_DATA_T(ATTR_DATA_ID, OBJ_ID, VER_NBR, TARGET_PRIMARY_KEY, KIM_TYP_ID, KIM_ATTR_DEFN_ID, ATTR_VAL) 
    VALUES('3107', sys_guid(), 1, '1687', '30', '24', 'PHYS')
/
INSERT INTO KRIM_ROLE_RSP_ACTN_T(ROLE_RSP_ACTN_ID, OBJ_ID, VER_NBR, ACTN_TYP_CD, PRIORITY_NBR, ACTN_PLCY_CD, ROLE_MBR_ID, ROLE_RSP_ID, IGNORE_PREV_IND) 
    VALUES('149', sys_guid(), 1, 'A', null, 'F', '1687', '1012', 'N')
/
INSERT INTO KRIM_ROLE_MBR_T(ROLE_MBR_ID, VER_NBR, OBJ_ID, ROLE_ID, MBR_ID, MBR_TYP_CD, ACTV_FRM_DT, ACTV_TO_DT, LAST_UPDT_DT) 
    VALUES('1688', 1, sys_guid(), '28', '4813308951', 'P', null, null, SYSDATE)
/
INSERT INTO KRIM_ROLE_MBR_ATTR_DATA_T(ATTR_DATA_ID, OBJ_ID, VER_NBR, TARGET_PRIMARY_KEY, KIM_TYP_ID, KIM_ATTR_DEFN_ID, ATTR_VAL) 
    VALUES('3108', sys_guid(), 1, '1688', '30', '13', 'PO')
/
INSERT INTO KRIM_ROLE_MBR_ATTR_DATA_T(ATTR_DATA_ID, OBJ_ID, VER_NBR, TARGET_PRIMARY_KEY, KIM_TYP_ID, KIM_ATTR_DEFN_ID, ATTR_VAL) 
    VALUES('3109', sys_guid(), 1, '1688', '30', '22', 'BL')
/
INSERT INTO KRIM_ROLE_MBR_ATTR_DATA_T(ATTR_DATA_ID, OBJ_ID, VER_NBR, TARGET_PRIMARY_KEY, KIM_TYP_ID, KIM_ATTR_DEFN_ID, ATTR_VAL) 
    VALUES('3110', sys_guid(), 1, '1688', '30', '24', 'SOC')
/
INSERT INTO KRIM_ROLE_MBR_ATTR_DATA_T(ATTR_DATA_ID, OBJ_ID, VER_NBR, TARGET_PRIMARY_KEY, KIM_TYP_ID, KIM_ATTR_DEFN_ID, ATTR_VAL) 
    VALUES('3111', sys_guid(), 1, '1688', '30', '26', '20000')
/
INSERT INTO KRIM_ROLE_RSP_ACTN_T(ROLE_RSP_ACTN_ID, OBJ_ID, VER_NBR, ACTN_TYP_CD, PRIORITY_NBR, ACTN_PLCY_CD, ROLE_MBR_ID, ROLE_RSP_ID, IGNORE_PREV_IND) 
    VALUES('150', sys_guid(), 1, 'A', null, 'F', '1688', '1012', 'N')
/
INSERT INTO KRIM_ROLE_MBR_T(ROLE_MBR_ID, VER_NBR, OBJ_ID, ROLE_ID, MBR_ID, MBR_TYP_CD, ACTV_FRM_DT, ACTV_TO_DT, LAST_UPDT_DT) 
    VALUES('1689', 1, sys_guid(), '28', '4813308951', 'P', null, null, SYSDATE)
/
INSERT INTO KRIM_ROLE_MBR_ATTR_DATA_T(ATTR_DATA_ID, OBJ_ID, VER_NBR, TARGET_PRIMARY_KEY, KIM_TYP_ID, KIM_ATTR_DEFN_ID, ATTR_VAL) 
    VALUES('3112', sys_guid(), 1, '1689', '30', '13', 'PREQ')
/
INSERT INTO KRIM_ROLE_MBR_ATTR_DATA_T(ATTR_DATA_ID, OBJ_ID, VER_NBR, TARGET_PRIMARY_KEY, KIM_TYP_ID, KIM_ATTR_DEFN_ID, ATTR_VAL) 
    VALUES('3113', sys_guid(), 1, '1689', '30', '22', 'BL')
/
INSERT INTO KRIM_ROLE_MBR_ATTR_DATA_T(ATTR_DATA_ID, OBJ_ID, VER_NBR, TARGET_PRIMARY_KEY, KIM_TYP_ID, KIM_ATTR_DEFN_ID, ATTR_VAL) 
    VALUES('3114', sys_guid(), 1, '1689', '30', '24', 'SOC')
/
INSERT INTO KRIM_ROLE_MBR_ATTR_DATA_T(ATTR_DATA_ID, OBJ_ID, VER_NBR, TARGET_PRIMARY_KEY, KIM_TYP_ID, KIM_ATTR_DEFN_ID, ATTR_VAL) 
    VALUES('3115', sys_guid(), 1, '1689', '30', '26', '5000')
/
INSERT INTO KRIM_ROLE_RSP_ACTN_T(ROLE_RSP_ACTN_ID, OBJ_ID, VER_NBR, ACTN_TYP_CD, PRIORITY_NBR, ACTN_PLCY_CD, ROLE_MBR_ID, ROLE_RSP_ID, IGNORE_PREV_IND) 
    VALUES('151', sys_guid(), 1, 'A', null, 'F', '1689', '1012', 'N')
/
INSERT INTO KRIM_ROLE_MBR_T(ROLE_MBR_ID, VER_NBR, OBJ_ID, ROLE_ID, MBR_ID, MBR_TYP_CD, ACTV_FRM_DT, ACTV_TO_DT, LAST_UPDT_DT) 
    VALUES('1690', 1, sys_guid(), '28', '5121105659', 'P', null, null, SYSDATE)
/
INSERT INTO KRIM_ROLE_MBR_ATTR_DATA_T(ATTR_DATA_ID, OBJ_ID, VER_NBR, TARGET_PRIMARY_KEY, KIM_TYP_ID, KIM_ATTR_DEFN_ID, ATTR_VAL) 
    VALUES('3116', sys_guid(), 1, '1690', '30', '13', 'PurchasingTransactionalDocument')
/
INSERT INTO KRIM_ROLE_MBR_ATTR_DATA_T(ATTR_DATA_ID, OBJ_ID, VER_NBR, TARGET_PRIMARY_KEY, KIM_TYP_ID, KIM_ATTR_DEFN_ID, ATTR_VAL) 
    VALUES('3117', sys_guid(), 1, '1690', '30', '22', 'BL')
/
INSERT INTO KRIM_ROLE_MBR_ATTR_DATA_T(ATTR_DATA_ID, OBJ_ID, VER_NBR, TARGET_PRIMARY_KEY, KIM_TYP_ID, KIM_ATTR_DEFN_ID, ATTR_VAL) 
    VALUES('3118', sys_guid(), 1, '1690', '30', '24', 'VPIT')
/
INSERT INTO KRIM_ROLE_MBR_ATTR_DATA_T(ATTR_DATA_ID, OBJ_ID, VER_NBR, TARGET_PRIMARY_KEY, KIM_TYP_ID, KIM_ATTR_DEFN_ID, ATTR_VAL) 
    VALUES('3119', sys_guid(), 1, '1690', '30', '26', '20000')
/
INSERT INTO KRIM_ROLE_RSP_ACTN_T(ROLE_RSP_ACTN_ID, OBJ_ID, VER_NBR, ACTN_TYP_CD, PRIORITY_NBR, ACTN_PLCY_CD, ROLE_MBR_ID, ROLE_RSP_ID, IGNORE_PREV_IND) 
    VALUES('152', sys_guid(), 1, 'A', null, 'F', '1690', '1012', 'N')
/
INSERT INTO KRIM_ROLE_MBR_T(ROLE_MBR_ID, VER_NBR, OBJ_ID, ROLE_ID, MBR_ID, MBR_TYP_CD, ACTV_FRM_DT, ACTV_TO_DT, LAST_UPDT_DT) 
    VALUES('1691', 1, sys_guid(), '28', '5390502344', 'P', null, null, SYSDATE)
/
INSERT INTO KRIM_ROLE_MBR_ATTR_DATA_T(ATTR_DATA_ID, OBJ_ID, VER_NBR, TARGET_PRIMARY_KEY, KIM_TYP_ID, KIM_ATTR_DEFN_ID, ATTR_VAL) 
    VALUES('3120', sys_guid(), 1, '1691', '30', '13', 'AccountsPayableTransactionalDocument')
/
INSERT INTO KRIM_ROLE_MBR_ATTR_DATA_T(ATTR_DATA_ID, OBJ_ID, VER_NBR, TARGET_PRIMARY_KEY, KIM_TYP_ID, KIM_ATTR_DEFN_ID, ATTR_VAL) 
    VALUES('3121', sys_guid(), 1, '1691', '30', '22', 'BL')
/
INSERT INTO KRIM_ROLE_MBR_ATTR_DATA_T(ATTR_DATA_ID, OBJ_ID, VER_NBR, TARGET_PRIMARY_KEY, KIM_TYP_ID, KIM_ATTR_DEFN_ID, ATTR_VAL) 
    VALUES('3122', sys_guid(), 1, '1691', '30', '24', 'VPIT')
/
INSERT INTO KRIM_ROLE_RSP_ACTN_T(ROLE_RSP_ACTN_ID, OBJ_ID, VER_NBR, ACTN_TYP_CD, PRIORITY_NBR, ACTN_PLCY_CD, ROLE_MBR_ID, ROLE_RSP_ID, IGNORE_PREV_IND) 
    VALUES('153', sys_guid(), 1, 'K', null, 'F', '1691', '1012', 'N')
/
INSERT INTO KRIM_ROLE_MBR_T(ROLE_MBR_ID, VER_NBR, OBJ_ID, ROLE_ID, MBR_ID, MBR_TYP_CD, ACTV_FRM_DT, ACTV_TO_DT, LAST_UPDT_DT) 
    VALUES('1692', 1, sys_guid(), '28', '4249202839', 'P', null, null, SYSDATE)
/
INSERT INTO KRIM_ROLE_MBR_ATTR_DATA_T(ATTR_DATA_ID, OBJ_ID, VER_NBR, TARGET_PRIMARY_KEY, KIM_TYP_ID, KIM_ATTR_DEFN_ID, ATTR_VAL) 
    VALUES('3123', sys_guid(), 1, '1692', '30', '22', 'BL')
/
INSERT INTO KRIM_ROLE_MBR_ATTR_DATA_T(ATTR_DATA_ID, OBJ_ID, VER_NBR, TARGET_PRIMARY_KEY, KIM_TYP_ID, KIM_ATTR_DEFN_ID, ATTR_VAL) 
    VALUES('3124', sys_guid(), 1, '1692', '30', '24', 'BI')
/
INSERT INTO KRIM_ROLE_MBR_ATTR_DATA_T(ATTR_DATA_ID, OBJ_ID, VER_NBR, TARGET_PRIMARY_KEY, KIM_TYP_ID, KIM_ATTR_DEFN_ID, ATTR_VAL) 
    VALUES('3125', sys_guid(), 1, '1692', '30', '26', '20000')
/
INSERT INTO KRIM_ROLE_RSP_ACTN_T(ROLE_RSP_ACTN_ID, OBJ_ID, VER_NBR, ACTN_TYP_CD, PRIORITY_NBR, ACTN_PLCY_CD, ROLE_MBR_ID, ROLE_RSP_ID, IGNORE_PREV_IND) 
    VALUES('154', sys_guid(), 1, 'A', null, 'F', '1692', '1012', 'N')
/
-- sub account reviewers
INSERT INTO KRIM_ROLE_MBR_T(ROLE_MBR_ID, VER_NBR, OBJ_ID, ROLE_ID, MBR_ID, MBR_TYP_CD, ACTV_FRM_DT, ACTV_TO_DT, LAST_UPDT_DT) 
    VALUES('1693', 1, sys_guid(), '68', '2059604038', 'P', null, null, SYSDATE)
/
INSERT INTO KRIM_ROLE_MBR_ATTR_DATA_T(ATTR_DATA_ID, OBJ_ID, VER_NBR, TARGET_PRIMARY_KEY, KIM_TYP_ID, KIM_ATTR_DEFN_ID, ATTR_VAL) 
    VALUES('3126', sys_guid(), 1, '1693', '47', '22', 'BL')
/
INSERT INTO KRIM_ROLE_MBR_ATTR_DATA_T(ATTR_DATA_ID, OBJ_ID, VER_NBR, TARGET_PRIMARY_KEY, KIM_TYP_ID, KIM_ATTR_DEFN_ID, ATTR_VAL) 
    VALUES('3127', sys_guid(), 1, '1693', '47', '23', '1031400')
/
INSERT INTO KRIM_ROLE_MBR_ATTR_DATA_T(ATTR_DATA_ID, OBJ_ID, VER_NBR, TARGET_PRIMARY_KEY, KIM_TYP_ID, KIM_ATTR_DEFN_ID, ATTR_VAL) 
    VALUES('3128', sys_guid(), 1, '1693', '47', '39', 'AHD')
/
INSERT INTO KRIM_ROLE_RSP_ACTN_T(ROLE_RSP_ACTN_ID, OBJ_ID, VER_NBR, ACTN_TYP_CD, PRIORITY_NBR, ACTN_PLCY_CD, ROLE_MBR_ID, ROLE_RSP_ID, IGNORE_PREV_IND) 
    VALUES('155', sys_guid(), 1, 'K', null, 'F', '1693', '1092', 'N')
/
INSERT INTO KRIM_ROLE_MBR_T(ROLE_MBR_ID, VER_NBR, OBJ_ID, ROLE_ID, MBR_ID, MBR_TYP_CD, ACTV_FRM_DT, ACTV_TO_DT, LAST_UPDT_DT) 
    VALUES('1694', 1, sys_guid(), '68', '2620008671', 'P', null, null, SYSDATE)
/
INSERT INTO KRIM_ROLE_MBR_ATTR_DATA_T(ATTR_DATA_ID, OBJ_ID, VER_NBR, TARGET_PRIMARY_KEY, KIM_TYP_ID, KIM_ATTR_DEFN_ID, ATTR_VAL) 
    VALUES('3129', sys_guid(), 1, '1694', '47', '13', 'REQS')
/
INSERT INTO KRIM_ROLE_MBR_ATTR_DATA_T(ATTR_DATA_ID, OBJ_ID, VER_NBR, TARGET_PRIMARY_KEY, KIM_TYP_ID, KIM_ATTR_DEFN_ID, ATTR_VAL) 
    VALUES('3130', sys_guid(), 1, '1694', '47', '22', 'BL')
/
INSERT INTO KRIM_ROLE_MBR_ATTR_DATA_T(ATTR_DATA_ID, OBJ_ID, VER_NBR, TARGET_PRIMARY_KEY, KIM_TYP_ID, KIM_ATTR_DEFN_ID, ATTR_VAL) 
    VALUES('3131', sys_guid(), 1, '1694', '47', '23', '2231405')
/
INSERT INTO KRIM_ROLE_MBR_ATTR_DATA_T(ATTR_DATA_ID, OBJ_ID, VER_NBR, TARGET_PRIMARY_KEY, KIM_TYP_ID, KIM_ATTR_DEFN_ID, ATTR_VAL) 
    VALUES('3132', sys_guid(), 1, '1694', '47', '39', 'KUL')
/
INSERT INTO KRIM_ROLE_RSP_ACTN_T(ROLE_RSP_ACTN_ID, OBJ_ID, VER_NBR, ACTN_TYP_CD, PRIORITY_NBR, ACTN_PLCY_CD, ROLE_MBR_ID, ROLE_RSP_ID, IGNORE_PREV_IND) 
    VALUES('156', sys_guid(), 1, 'A', null, 'F', '1694', '1092', 'N')
/
INSERT INTO KRIM_ROLE_MBR_T(ROLE_MBR_ID, VER_NBR, OBJ_ID, ROLE_ID, MBR_ID, MBR_TYP_CD, ACTV_FRM_DT, ACTV_TO_DT, LAST_UPDT_DT) 
    VALUES('1695', 1, sys_guid(), '68', '3682507451', 'P', null, null, SYSDATE)
/
INSERT INTO KRIM_ROLE_MBR_ATTR_DATA_T(ATTR_DATA_ID, OBJ_ID, VER_NBR, TARGET_PRIMARY_KEY, KIM_TYP_ID, KIM_ATTR_DEFN_ID, ATTR_VAL) 
    VALUES('3133', sys_guid(), 1, '1695', '47', '22', 'BL')
/
INSERT INTO KRIM_ROLE_MBR_ATTR_DATA_T(ATTR_DATA_ID, OBJ_ID, VER_NBR, TARGET_PRIMARY_KEY, KIM_TYP_ID, KIM_ATTR_DEFN_ID, ATTR_VAL) 
    VALUES('3134', sys_guid(), 1, '1695', '47', '23', '2231479')
/
INSERT INTO KRIM_ROLE_MBR_ATTR_DATA_T(ATTR_DATA_ID, OBJ_ID, VER_NBR, TARGET_PRIMARY_KEY, KIM_TYP_ID, KIM_ATTR_DEFN_ID, ATTR_VAL) 
    VALUES('3135', sys_guid(), 1, '1695', '47', '39', 'KUL')
/
INSERT INTO KRIM_ROLE_RSP_ACTN_T(ROLE_RSP_ACTN_ID, OBJ_ID, VER_NBR, ACTN_TYP_CD, PRIORITY_NBR, ACTN_PLCY_CD, ROLE_MBR_ID, ROLE_RSP_ID, IGNORE_PREV_IND) 
    VALUES('157', sys_guid(), 1, 'A', null, 'F', '1695', '1092', 'N')
/
INSERT INTO KRIM_ROLE_MBR_T(ROLE_MBR_ID, VER_NBR, OBJ_ID, ROLE_ID, MBR_ID, MBR_TYP_CD, ACTV_FRM_DT, ACTV_TO_DT, LAST_UPDT_DT) 
    VALUES('1696', 1, sys_guid(), '68', '4329502868', 'P', null, null, SYSDATE)
/
INSERT INTO KRIM_ROLE_MBR_ATTR_DATA_T(ATTR_DATA_ID, OBJ_ID, VER_NBR, TARGET_PRIMARY_KEY, KIM_TYP_ID, KIM_ATTR_DEFN_ID, ATTR_VAL) 
    VALUES('3136', sys_guid(), 1, '1696', '47', '22', 'PO')
/
INSERT INTO KRIM_ROLE_MBR_ATTR_DATA_T(ATTR_DATA_ID, OBJ_ID, VER_NBR, TARGET_PRIMARY_KEY, KIM_TYP_ID, KIM_ATTR_DEFN_ID, ATTR_VAL) 
    VALUES('3137', sys_guid(), 1, '1696', '47', '22', 'BL')
/
INSERT INTO KRIM_ROLE_MBR_ATTR_DATA_T(ATTR_DATA_ID, OBJ_ID, VER_NBR, TARGET_PRIMARY_KEY, KIM_TYP_ID, KIM_ATTR_DEFN_ID, ATTR_VAL) 
    VALUES('3138', sys_guid(), 1, '1696', '47', '23', '2231451')
/
INSERT INTO KRIM_ROLE_MBR_ATTR_DATA_T(ATTR_DATA_ID, OBJ_ID, VER_NBR, TARGET_PRIMARY_KEY, KIM_TYP_ID, KIM_ATTR_DEFN_ID, ATTR_VAL) 
    VALUES('3139', sys_guid(), 1, '1696', '47', '39', 'KUL')
/
INSERT INTO KRIM_ROLE_RSP_ACTN_T(ROLE_RSP_ACTN_ID, OBJ_ID, VER_NBR, ACTN_TYP_CD, PRIORITY_NBR, ACTN_PLCY_CD, ROLE_MBR_ID, ROLE_RSP_ID, IGNORE_PREV_IND) 
    VALUES('158', sys_guid(), 1, 'A', null, 'F', '1696', '1092', 'N')
/
INSERT INTO KRIM_ROLE_MBR_T(ROLE_MBR_ID, VER_NBR, OBJ_ID, ROLE_ID, MBR_ID, MBR_TYP_CD, ACTV_FRM_DT, ACTV_TO_DT, LAST_UPDT_DT) 
    VALUES('1697', 1, sys_guid(), '68', '2615708929', 'P', null, to_date('10/07/2006', 'MM/DD/YYYY'), SYSDATE)
/
INSERT INTO KRIM_ROLE_MBR_ATTR_DATA_T(ATTR_DATA_ID, OBJ_ID, VER_NBR, TARGET_PRIMARY_KEY, KIM_TYP_ID, KIM_ATTR_DEFN_ID, ATTR_VAL) 
    VALUES('3140', sys_guid(), 1, '1697', '47', '22', 'PO')
/
INSERT INTO KRIM_ROLE_MBR_ATTR_DATA_T(ATTR_DATA_ID, OBJ_ID, VER_NBR, TARGET_PRIMARY_KEY, KIM_TYP_ID, KIM_ATTR_DEFN_ID, ATTR_VAL) 
    VALUES('3141', sys_guid(), 1, '1697', '47', '39', 'KUL')
/
INSERT INTO KRIM_ROLE_RSP_ACTN_T(ROLE_RSP_ACTN_ID, OBJ_ID, VER_NBR, ACTN_TYP_CD, PRIORITY_NBR, ACTN_PLCY_CD, ROLE_MBR_ID, ROLE_RSP_ID, IGNORE_PREV_IND) 
    VALUES('159', sys_guid(), 1, 'A', null, 'F', '1697', '1092', 'N')
/
INSERT INTO KRIM_ROLE_MBR_T(ROLE_MBR_ID, VER_NBR, OBJ_ID, ROLE_ID, MBR_ID, MBR_TYP_CD, ACTV_FRM_DT, ACTV_TO_DT, LAST_UPDT_DT) 
    VALUES('1698', 1, sys_guid(), '68', '5390502344', 'P', to_date('10/08/2006', 'MM/DD/YYYY'), null, SYSDATE)
/
INSERT INTO KRIM_ROLE_MBR_ATTR_DATA_T(ATTR_DATA_ID, OBJ_ID, VER_NBR, TARGET_PRIMARY_KEY, KIM_TYP_ID, KIM_ATTR_DEFN_ID, ATTR_VAL) 
    VALUES('3142', sys_guid(), 1, '1698', '47', '22', 'PO')
/
INSERT INTO KRIM_ROLE_MBR_ATTR_DATA_T(ATTR_DATA_ID, OBJ_ID, VER_NBR, TARGET_PRIMARY_KEY, KIM_TYP_ID, KIM_ATTR_DEFN_ID, ATTR_VAL) 
    VALUES('3143', sys_guid(), 1, '1698', '47', '39', 'KUL')
/
INSERT INTO KRIM_ROLE_RSP_ACTN_T(ROLE_RSP_ACTN_ID, OBJ_ID, VER_NBR, ACTN_TYP_CD, PRIORITY_NBR, ACTN_PLCY_CD, ROLE_MBR_ID, ROLE_RSP_ID, IGNORE_PREV_IND) 
    VALUES('160', sys_guid(), 1, 'A', null, 'F', '1698', '1092', 'N')
/
INSERT INTO KRIM_ROLE_MBR_T(ROLE_MBR_ID, VER_NBR, OBJ_ID, ROLE_ID, MBR_ID, MBR_TYP_CD, ACTV_FRM_DT, ACTV_TO_DT, LAST_UPDT_DT) 
    VALUES('1699', 1, sys_guid(), '68', '1249702947', 'P', null, null, SYSDATE)
/
INSERT INTO KRIM_ROLE_MBR_ATTR_DATA_T(ATTR_DATA_ID, OBJ_ID, VER_NBR, TARGET_PRIMARY_KEY, KIM_TYP_ID, KIM_ATTR_DEFN_ID, ATTR_VAL) 
    VALUES('3144', sys_guid(), 1, '1699', '47', '22', 'BL')
/
INSERT INTO KRIM_ROLE_MBR_ATTR_DATA_T(ATTR_DATA_ID, OBJ_ID, VER_NBR, TARGET_PRIMARY_KEY, KIM_TYP_ID, KIM_ATTR_DEFN_ID, ATTR_VAL) 
    VALUES('3145', sys_guid(), 1, '1699', '47', '23', '2231461')
/
INSERT INTO KRIM_ROLE_MBR_ATTR_DATA_T(ATTR_DATA_ID, OBJ_ID, VER_NBR, TARGET_PRIMARY_KEY, KIM_TYP_ID, KIM_ATTR_DEFN_ID, ATTR_VAL) 
    VALUES('3146', sys_guid(), 1, '1699', '47', '39', 'KUL')
/
INSERT INTO KRIM_ROLE_RSP_ACTN_T(ROLE_RSP_ACTN_ID, OBJ_ID, VER_NBR, ACTN_TYP_CD, PRIORITY_NBR, ACTN_PLCY_CD, ROLE_MBR_ID, ROLE_RSP_ID, IGNORE_PREV_IND) 
    VALUES('161', sys_guid(), 1, 'A', null, 'F', '1699', '1092', 'N')
/
INSERT INTO KRIM_ROLE_MBR_T(ROLE_MBR_ID, VER_NBR, OBJ_ID, ROLE_ID, MBR_ID, MBR_TYP_CD, ACTV_FRM_DT, ACTV_TO_DT, LAST_UPDT_DT) 
    VALUES('1700', 1, sys_guid(), '68', '2100108872', 'P', null, null, SYSDATE)
/
INSERT INTO KRIM_ROLE_MBR_ATTR_DATA_T(ATTR_DATA_ID, OBJ_ID, VER_NBR, TARGET_PRIMARY_KEY, KIM_TYP_ID, KIM_ATTR_DEFN_ID, ATTR_VAL) 
    VALUES('3147', sys_guid(), 1, '1700', '47', '22', 'BL')
/
INSERT INTO KRIM_ROLE_MBR_ATTR_DATA_T(ATTR_DATA_ID, OBJ_ID, VER_NBR, TARGET_PRIMARY_KEY, KIM_TYP_ID, KIM_ATTR_DEFN_ID, ATTR_VAL) 
    VALUES('3148', sys_guid(), 1, '1700', '47', '23', '2231411')
/
INSERT INTO KRIM_ROLE_MBR_ATTR_DATA_T(ATTR_DATA_ID, OBJ_ID, VER_NBR, TARGET_PRIMARY_KEY, KIM_TYP_ID, KIM_ATTR_DEFN_ID, ATTR_VAL) 
    VALUES('3149', sys_guid(), 1, '1700', '47', '39', 'KUL')
/
INSERT INTO KRIM_ROLE_RSP_ACTN_T(ROLE_RSP_ACTN_ID, OBJ_ID, VER_NBR, ACTN_TYP_CD, PRIORITY_NBR, ACTN_PLCY_CD, ROLE_MBR_ID, ROLE_RSP_ID, IGNORE_PREV_IND) 
    VALUES('162', sys_guid(), 1, 'K', null, 'F', '1700', '1092', 'N')
/
INSERT INTO KRIM_ROLE_MBR_T(ROLE_MBR_ID, VER_NBR, OBJ_ID, ROLE_ID, MBR_ID, MBR_TYP_CD, ACTV_FRM_DT, ACTV_TO_DT, LAST_UPDT_DT) 
    VALUES('1701', 1, sys_guid(), '68', '6098801303', 'P', null, null, SYSDATE)
/
INSERT INTO KRIM_ROLE_MBR_ATTR_DATA_T(ATTR_DATA_ID, OBJ_ID, VER_NBR, TARGET_PRIMARY_KEY, KIM_TYP_ID, KIM_ATTR_DEFN_ID, ATTR_VAL) 
    VALUES('3150', sys_guid(), 1, '1701', '47', '22', 'BL')
/
INSERT INTO KRIM_ROLE_MBR_ATTR_DATA_T(ATTR_DATA_ID, OBJ_ID, VER_NBR, TARGET_PRIMARY_KEY, KIM_TYP_ID, KIM_ATTR_DEFN_ID, ATTR_VAL) 
    VALUES('3151', sys_guid(), 1, '1701', '47', '23', '2231419')
/
INSERT INTO KRIM_ROLE_MBR_ATTR_DATA_T(ATTR_DATA_ID, OBJ_ID, VER_NBR, TARGET_PRIMARY_KEY, KIM_TYP_ID, KIM_ATTR_DEFN_ID, ATTR_VAL) 
    VALUES('3152', sys_guid(), 1, '1701', '47', '39', 'KUL')
/
INSERT INTO KRIM_ROLE_RSP_ACTN_T(ROLE_RSP_ACTN_ID, OBJ_ID, VER_NBR, ACTN_TYP_CD, PRIORITY_NBR, ACTN_PLCY_CD, ROLE_MBR_ID, ROLE_RSP_ID, IGNORE_PREV_IND) 
    VALUES('163', sys_guid(), 1, 'A', null, 'F', '1701', '1092', 'N')
/
-- budget reviewer
INSERT INTO KRIM_ROLE_MBR_T(ROLE_MBR_ID, VER_NBR, OBJ_ID, ROLE_ID, MBR_ID, MBR_TYP_CD, ACTV_FRM_DT, ACTV_TO_DT, LAST_UPDT_DT) 
    VALUES('1702', 1, sys_guid(), '79', '2906405069', 'P', null, null, SYSDATE)
/
INSERT INTO KRIM_ROLE_MBR_ATTR_DATA_T(ATTR_DATA_ID, OBJ_ID, VER_NBR, TARGET_PRIMARY_KEY, KIM_TYP_ID, KIM_ATTR_DEFN_ID, ATTR_VAL) 
    VALUES('3153', sys_guid(), 1, '1702', '25', '22', 'BL')
/

-- improve person test data
update krim_entity_email_t set email_addr = 'test@email.edu'
/
update krim_entity_phone_t set phone_nbr = '555-555-5555'
/

-- change SET admin routing perm to blanket approve perm
update krim_perm_t set perm_tmpl_id = '4' where perm_id = '205'
/

-- new edit bank perm template replacing bankEntry edit mode
INSERT INTO KRIM_PERM_TMPL_T(PERM_TMPL_ID, OBJ_ID, VER_NBR, NM, DESC_TXT, KIM_TYP_ID, ACTV_IND, NMSPC_CD) 
    VALUES('48', sys_guid(), 1, 'Edit Bank Code', null, '3', 'Y', 'KFS-SYS')
/
update krim_perm_t set perm_tmpl_id = '48' where perm_id ='220'
/
update krim_perm_attr_data_t set attr_val = 'FinancialSystemTransactionalDocument', kim_typ_id = '3', kim_attr_defn_id = '13' where attr_data_id = '317'
/
update krim_role_perm_t set role_id = '66' where perm_id = '220'
/

-- req edit accounting lines for organization and initiator nodes
INSERT INTO KRIM_PERM_T(PERM_ID, OBJ_ID, VER_NBR, PERM_TMPL_ID, NM, DESC_TXT, ACTV_IND, NMSPC_CD) 
    VALUES('328', sys_guid(), 1, '41', null, null, 'Y', 'KFS-PURAP')
/
INSERT INTO KRIM_PERM_ATTR_DATA_T(ATTR_DATA_ID, OBJ_ID, VER_NBR, TARGET_PRIMARY_KEY, KIM_TYP_ID, KIM_ATTR_DEFN_ID, ATTR_VAL) 
    VALUES('433', sys_guid(), 1, '328', '52', '13', 'REQS')
/
INSERT INTO KRIM_PERM_ATTR_DATA_T(ATTR_DATA_ID, OBJ_ID, VER_NBR, TARGET_PRIMARY_KEY, KIM_TYP_ID, KIM_ATTR_DEFN_ID, ATTR_VAL) 
    VALUES('434', sys_guid(), 1, '328', '52', '6', 'items.sourceAccountingLines')
/
INSERT INTO KRIM_PERM_ATTR_DATA_T(ATTR_DATA_ID, OBJ_ID, VER_NBR, TARGET_PRIMARY_KEY, KIM_TYP_ID, KIM_ATTR_DEFN_ID, ATTR_VAL) 
    VALUES('435', sys_guid(), 1, '328', '52', '16', 'Organization')
/
INSERT INTO KRIM_ROLE_PERM_T(ROLE_PERM_ID, OBJ_ID, VER_NBR, ROLE_ID, PERM_ID, ACTV_IND) 
    VALUES('580', sys_guid(), 1, '66', '328', 'Y')
/
INSERT INTO KRIM_PERM_T(PERM_ID, OBJ_ID, VER_NBR, PERM_TMPL_ID, NM, DESC_TXT, ACTV_IND, NMSPC_CD) 
    VALUES('308', sys_guid(), 1, '41', null, null, 'Y', 'KFS-PURAP')
/
INSERT INTO KRIM_PERM_ATTR_DATA_T(ATTR_DATA_ID, OBJ_ID, VER_NBR, TARGET_PRIMARY_KEY, KIM_TYP_ID, KIM_ATTR_DEFN_ID, ATTR_VAL) 
    VALUES('436', sys_guid(), 1, '308', '52', '13', 'REQS')
/
INSERT INTO KRIM_PERM_ATTR_DATA_T(ATTR_DATA_ID, OBJ_ID, VER_NBR, TARGET_PRIMARY_KEY, KIM_TYP_ID, KIM_ATTR_DEFN_ID, ATTR_VAL) 
    VALUES('437', sys_guid(), 1, '308', '52', '6', 'items.sourceAccountingLines')
/
INSERT INTO KRIM_PERM_ATTR_DATA_T(ATTR_DATA_ID, OBJ_ID, VER_NBR, TARGET_PRIMARY_KEY, KIM_TYP_ID, KIM_ATTR_DEFN_ID, ATTR_VAL) 
    VALUES('438', sys_guid(), 1, '308', '52', '16', 'Initiator')
/
INSERT INTO KRIM_ROLE_PERM_T(ROLE_PERM_ID, OBJ_ID, VER_NBR, ROLE_ID, PERM_ID, ACTV_IND) 
    VALUES('581', sys_guid(), 1, '66', '308', 'Y')
/

-- purap attachment type permissions
INSERT INTO KRIM_PERM_T(PERM_ID, OBJ_ID, VER_NBR, PERM_TMPL_ID, NM, DESC_TXT, ACTV_IND, NMSPC_CD) 
    VALUES('309', sys_guid(), 1, '45', null, null, 'Y', 'KFS-PURAP')
/
INSERT INTO KRIM_PERM_ATTR_DATA_T(ATTR_DATA_ID, OBJ_ID, VER_NBR, TARGET_PRIMARY_KEY, KIM_TYP_ID, KIM_ATTR_DEFN_ID, ATTR_VAL) 
    VALUES('439', sys_guid(), 1, '309', '9', '13', 'PVEN')
/
INSERT INTO KRIM_PERM_ATTR_DATA_T(ATTR_DATA_ID, OBJ_ID, VER_NBR, TARGET_PRIMARY_KEY, KIM_TYP_ID, KIM_ATTR_DEFN_ID, ATTR_VAL) 
    VALUES('440', sys_guid(), 1, '309', '9', '9', 'Tax Documents')
/
INSERT INTO KRIM_ROLE_PERM_T(ROLE_PERM_ID, OBJ_ID, VER_NBR, ROLE_ID, PERM_ID, ACTV_IND) 
    VALUES('582', sys_guid(), 1, '22', '309', 'Y')
/
INSERT INTO KRIM_ROLE_PERM_T(ROLE_PERM_ID, OBJ_ID, VER_NBR, ROLE_ID, PERM_ID, ACTV_IND) 
    VALUES('583', sys_guid(), 1, '26', '309', 'Y')
/
INSERT INTO KRIM_ROLE_PERM_T(ROLE_PERM_ID, OBJ_ID, VER_NBR, ROLE_ID, PERM_ID, ACTV_IND) 
    VALUES('584', sys_guid(), 1, '50', '309', 'Y')
/
INSERT INTO KRIM_ROLE_PERM_T(ROLE_PERM_ID, OBJ_ID, VER_NBR, ROLE_ID, PERM_ID, ACTV_IND) 
    VALUES('585', sys_guid(), 1, '56', '309', 'Y')
/
INSERT INTO KRIM_PERM_T(PERM_ID, OBJ_ID, VER_NBR, PERM_TMPL_ID, NM, DESC_TXT, ACTV_IND, NMSPC_CD) 
    VALUES('310', sys_guid(), 1, '45', null, null, 'Y', 'KFS-PURAP')
/
INSERT INTO KRIM_PERM_ATTR_DATA_T(ATTR_DATA_ID, OBJ_ID, VER_NBR, TARGET_PRIMARY_KEY, KIM_TYP_ID, KIM_ATTR_DEFN_ID, ATTR_VAL) 
    VALUES('441', sys_guid(), 1, '309', '9', '13', 'PVEN')
/
INSERT INTO KRIM_PERM_ATTR_DATA_T(ATTR_DATA_ID, OBJ_ID, VER_NBR, TARGET_PRIMARY_KEY, KIM_TYP_ID, KIM_ATTR_DEFN_ID, ATTR_VAL) 
    VALUES('442', sys_guid(), 1, '309', '9', '9', 'Contracts')
/
INSERT INTO KRIM_ROLE_PERM_T(ROLE_PERM_ID, OBJ_ID, VER_NBR, ROLE_ID, PERM_ID, ACTV_IND) 
    VALUES('586', sys_guid(), 1, '26', '310', 'Y')
/
INSERT INTO KRIM_ROLE_PERM_T(ROLE_PERM_ID, OBJ_ID, VER_NBR, ROLE_ID, PERM_ID, ACTV_IND) 
    VALUES('587', sys_guid(), 1, '50', '310', 'Y')
/
INSERT INTO KRIM_PERM_T(PERM_ID, OBJ_ID, VER_NBR, PERM_TMPL_ID, NM, DESC_TXT, ACTV_IND, NMSPC_CD) 
    VALUES('311', sys_guid(), 1, '46', null, null, 'Y', 'KFS-PURAP')
/
INSERT INTO KRIM_PERM_ATTR_DATA_T(ATTR_DATA_ID, OBJ_ID, VER_NBR, TARGET_PRIMARY_KEY, KIM_TYP_ID, KIM_ATTR_DEFN_ID, ATTR_VAL) 
    VALUES('443', sys_guid(), 1, '311', '9', '13', 'PVEN')
/
INSERT INTO KRIM_PERM_ATTR_DATA_T(ATTR_DATA_ID, OBJ_ID, VER_NBR, TARGET_PRIMARY_KEY, KIM_TYP_ID, KIM_ATTR_DEFN_ID, ATTR_VAL) 
    VALUES('444', sys_guid(), 1, '311', '9', '9', 'Tax Documents')
/
INSERT INTO KRIM_ROLE_PERM_T(ROLE_PERM_ID, OBJ_ID, VER_NBR, ROLE_ID, PERM_ID, ACTV_IND) 
    VALUES('588', sys_guid(), 1, '22', '311', 'Y')
/
INSERT INTO KRIM_ROLE_PERM_T(ROLE_PERM_ID, OBJ_ID, VER_NBR, ROLE_ID, PERM_ID, ACTV_IND) 
    VALUES('589', sys_guid(), 1, '26', '311', 'Y')
/
INSERT INTO KRIM_ROLE_PERM_T(ROLE_PERM_ID, OBJ_ID, VER_NBR, ROLE_ID, PERM_ID, ACTV_IND) 
    VALUES('590', sys_guid(), 1, '50', '311', 'Y')
/
INSERT INTO KRIM_ROLE_PERM_T(ROLE_PERM_ID, OBJ_ID, VER_NBR, ROLE_ID, PERM_ID, ACTV_IND) 
    VALUES('591', sys_guid(), 1, '56', '311', 'Y')
/
INSERT INTO KRIM_PERM_T(PERM_ID, OBJ_ID, VER_NBR, PERM_TMPL_ID, NM, DESC_TXT, ACTV_IND, NMSPC_CD) 
    VALUES('312', sys_guid(), 1, '46', null, null, 'Y', 'KFS-PURAP')
/
INSERT INTO KRIM_PERM_ATTR_DATA_T(ATTR_DATA_ID, OBJ_ID, VER_NBR, TARGET_PRIMARY_KEY, KIM_TYP_ID, KIM_ATTR_DEFN_ID, ATTR_VAL) 
    VALUES('445', sys_guid(), 1, '312', '9', '13', 'PVEN')
/
INSERT INTO KRIM_PERM_ATTR_DATA_T(ATTR_DATA_ID, OBJ_ID, VER_NBR, TARGET_PRIMARY_KEY, KIM_TYP_ID, KIM_ATTR_DEFN_ID, ATTR_VAL) 
    VALUES('446', sys_guid(), 1, '312', '9', '9', 'Contracts')
/
INSERT INTO KRIM_ROLE_PERM_T(ROLE_PERM_ID, OBJ_ID, VER_NBR, ROLE_ID, PERM_ID, ACTV_IND) 
    VALUES('592', sys_guid(), 1, '26', '312', 'Y')
/
INSERT INTO KRIM_ROLE_PERM_T(ROLE_PERM_ID, OBJ_ID, VER_NBR, ROLE_ID, PERM_ID, ACTV_IND) 
    VALUES('593', sys_guid(), 1, '50', '312', 'Y')
/
INSERT INTO KRIM_PERM_T(PERM_ID, OBJ_ID, VER_NBR, PERM_TMPL_ID, NM, DESC_TXT, ACTV_IND, NMSPC_CD) 
    VALUES('313', sys_guid(), 1, '45', null, null, 'Y', 'KFS-PURAP')
/
INSERT INTO KRIM_PERM_ATTR_DATA_T(ATTR_DATA_ID, OBJ_ID, VER_NBR, TARGET_PRIMARY_KEY, KIM_TYP_ID, KIM_ATTR_DEFN_ID, ATTR_VAL) 
    VALUES('447', sys_guid(), 1, '313', '9', '13', 'PO')
/
INSERT INTO KRIM_PERM_ATTR_DATA_T(ATTR_DATA_ID, OBJ_ID, VER_NBR, TARGET_PRIMARY_KEY, KIM_TYP_ID, KIM_ATTR_DEFN_ID, ATTR_VAL) 
    VALUES('448', sys_guid(), 1, '313', '9', '9', 'Contracts')
/
INSERT INTO KRIM_ROLE_PERM_T(ROLE_PERM_ID, OBJ_ID, VER_NBR, ROLE_ID, PERM_ID, ACTV_IND) 
    VALUES('594', sys_guid(), 1, '26', '313', 'Y')
/
INSERT INTO KRIM_PERM_T(PERM_ID, OBJ_ID, VER_NBR, PERM_TMPL_ID, NM, DESC_TXT, ACTV_IND, NMSPC_CD) 
    VALUES('314', sys_guid(), 1, '46', null, null, 'Y', 'KFS-PURAP')
/
INSERT INTO KRIM_PERM_ATTR_DATA_T(ATTR_DATA_ID, OBJ_ID, VER_NBR, TARGET_PRIMARY_KEY, KIM_TYP_ID, KIM_ATTR_DEFN_ID, ATTR_VAL) 
    VALUES('449', sys_guid(), 1, '314', '9', '13', 'PO')
/
INSERT INTO KRIM_PERM_ATTR_DATA_T(ATTR_DATA_ID, OBJ_ID, VER_NBR, TARGET_PRIMARY_KEY, KIM_TYP_ID, KIM_ATTR_DEFN_ID, ATTR_VAL) 
    VALUES('450', sys_guid(), 1, '314', '9', '9', 'Contracts')
/
INSERT INTO KRIM_ROLE_PERM_T(ROLE_PERM_ID, OBJ_ID, VER_NBR, ROLE_ID, PERM_ID, ACTV_IND) 
    VALUES('595', sys_guid(), 1, '26', '314', 'Y')
/
INSERT INTO KRIM_PERM_T(PERM_ID, OBJ_ID, VER_NBR, PERM_TMPL_ID, NM, DESC_TXT, ACTV_IND, NMSPC_CD) 
    VALUES('315', sys_guid(), 1, '45', null, null, 'Y', 'KFS-PURAP')
/
INSERT INTO KRIM_PERM_ATTR_DATA_T(ATTR_DATA_ID, OBJ_ID, VER_NBR, TARGET_PRIMARY_KEY, KIM_TYP_ID, KIM_ATTR_DEFN_ID, ATTR_VAL) 
    VALUES('451', sys_guid(), 1, '315', '9', '13', 'PO')
/
INSERT INTO KRIM_PERM_ATTR_DATA_T(ATTR_DATA_ID, OBJ_ID, VER_NBR, TARGET_PRIMARY_KEY, KIM_TYP_ID, KIM_ATTR_DEFN_ID, ATTR_VAL) 
    VALUES('452', sys_guid(), 1, '315', '9', '9', 'Contract Ammendments')
/
INSERT INTO KRIM_ROLE_PERM_T(ROLE_PERM_ID, OBJ_ID, VER_NBR, ROLE_ID, PERM_ID, ACTV_IND) 
    VALUES('596', sys_guid(), 1, '26', '315', 'Y')
/
INSERT INTO KRIM_PERM_T(PERM_ID, OBJ_ID, VER_NBR, PERM_TMPL_ID, NM, DESC_TXT, ACTV_IND, NMSPC_CD) 
    VALUES('316', sys_guid(), 1, '46', null, null, 'Y', 'KFS-PURAP')
/
INSERT INTO KRIM_PERM_ATTR_DATA_T(ATTR_DATA_ID, OBJ_ID, VER_NBR, TARGET_PRIMARY_KEY, KIM_TYP_ID, KIM_ATTR_DEFN_ID, ATTR_VAL) 
    VALUES('453', sys_guid(), 1, '316', '9', '13', 'PO')
/
INSERT INTO KRIM_PERM_ATTR_DATA_T(ATTR_DATA_ID, OBJ_ID, VER_NBR, TARGET_PRIMARY_KEY, KIM_TYP_ID, KIM_ATTR_DEFN_ID, ATTR_VAL) 
    VALUES('454', sys_guid(), 1, '316', '9', '9', 'Contract Ammendments')
/
INSERT INTO KRIM_ROLE_PERM_T(ROLE_PERM_ID, OBJ_ID, VER_NBR, ROLE_ID, PERM_ID, ACTV_IND) 
    VALUES('597', sys_guid(), 1, '26', '316', 'Y')
/
INSERT INTO KRIM_PERM_T(PERM_ID, OBJ_ID, VER_NBR, PERM_TMPL_ID, NM, DESC_TXT, ACTV_IND, NMSPC_CD) 
    VALUES('317', sys_guid(), 1, '45', null, null, 'Y', 'KFS-PURAP')
/
INSERT INTO KRIM_PERM_ATTR_DATA_T(ATTR_DATA_ID, OBJ_ID, VER_NBR, TARGET_PRIMARY_KEY, KIM_TYP_ID, KIM_ATTR_DEFN_ID, ATTR_VAL) 
    VALUES('455', sys_guid(), 1, '317', '9', '13', 'PO')
/
INSERT INTO KRIM_PERM_ATTR_DATA_T(ATTR_DATA_ID, OBJ_ID, VER_NBR, TARGET_PRIMARY_KEY, KIM_TYP_ID, KIM_ATTR_DEFN_ID, ATTR_VAL) 
    VALUES('456', sys_guid(), 1, '317', '9', '9', 'Quotes')
/
INSERT INTO KRIM_ROLE_PERM_T(ROLE_PERM_ID, OBJ_ID, VER_NBR, ROLE_ID, PERM_ID, ACTV_IND) 
    VALUES('598', sys_guid(), 1, '26', '317', 'Y')
/
INSERT INTO KRIM_PERM_T(PERM_ID, OBJ_ID, VER_NBR, PERM_TMPL_ID, NM, DESC_TXT, ACTV_IND, NMSPC_CD) 
    VALUES('318', sys_guid(), 1, '46', null, null, 'Y', 'KFS-PURAP')
/
INSERT INTO KRIM_PERM_ATTR_DATA_T(ATTR_DATA_ID, OBJ_ID, VER_NBR, TARGET_PRIMARY_KEY, KIM_TYP_ID, KIM_ATTR_DEFN_ID, ATTR_VAL) 
    VALUES('457', sys_guid(), 1, '318', '9', '13', 'PO')
/
INSERT INTO KRIM_PERM_ATTR_DATA_T(ATTR_DATA_ID, OBJ_ID, VER_NBR, TARGET_PRIMARY_KEY, KIM_TYP_ID, KIM_ATTR_DEFN_ID, ATTR_VAL) 
    VALUES('458', sys_guid(), 1, '318', '9', '9', 'Quotes')
/
INSERT INTO KRIM_ROLE_PERM_T(ROLE_PERM_ID, OBJ_ID, VER_NBR, ROLE_ID, PERM_ID, ACTV_IND) 
    VALUES('599', sys_guid(), 1, '26', '318', 'Y')
/
INSERT INTO KRIM_PERM_T(PERM_ID, OBJ_ID, VER_NBR, PERM_TMPL_ID, NM, DESC_TXT, ACTV_IND, NMSPC_CD) 
    VALUES('319', sys_guid(), 1, '45', null, null, 'Y', 'KFS-PURAP')
/
INSERT INTO KRIM_PERM_ATTR_DATA_T(ATTR_DATA_ID, OBJ_ID, VER_NBR, TARGET_PRIMARY_KEY, KIM_TYP_ID, KIM_ATTR_DEFN_ID, ATTR_VAL) 
    VALUES('459', sys_guid(), 1, '319', '9', '13', 'PO')
/
INSERT INTO KRIM_PERM_ATTR_DATA_T(ATTR_DATA_ID, OBJ_ID, VER_NBR, TARGET_PRIMARY_KEY, KIM_TYP_ID, KIM_ATTR_DEFN_ID, ATTR_VAL) 
    VALUES('460', sys_guid(), 1, '319', '9', '9', 'RFPs')
/
INSERT INTO KRIM_ROLE_PERM_T(ROLE_PERM_ID, OBJ_ID, VER_NBR, ROLE_ID, PERM_ID, ACTV_IND) 
    VALUES('600', sys_guid(), 1, '26', '319', 'Y')
/
INSERT INTO KRIM_PERM_T(PERM_ID, OBJ_ID, VER_NBR, PERM_TMPL_ID, NM, DESC_TXT, ACTV_IND, NMSPC_CD) 
    VALUES('320', sys_guid(), 1, '46', null, null, 'Y', 'KFS-PURAP')
/
INSERT INTO KRIM_PERM_ATTR_DATA_T(ATTR_DATA_ID, OBJ_ID, VER_NBR, TARGET_PRIMARY_KEY, KIM_TYP_ID, KIM_ATTR_DEFN_ID, ATTR_VAL) 
    VALUES('461', sys_guid(), 1, '320', '9', '13', 'PO')
/
INSERT INTO KRIM_PERM_ATTR_DATA_T(ATTR_DATA_ID, OBJ_ID, VER_NBR, TARGET_PRIMARY_KEY, KIM_TYP_ID, KIM_ATTR_DEFN_ID, ATTR_VAL) 
    VALUES('462', sys_guid(), 1, '320', '9', '9', 'RFPs')
/
INSERT INTO KRIM_ROLE_PERM_T(ROLE_PERM_ID, OBJ_ID, VER_NBR, ROLE_ID, PERM_ID, ACTV_IND) 
    VALUES('601', sys_guid(), 1, '26', '320', 'Y')
/
INSERT INTO KRIM_PERM_T(PERM_ID, OBJ_ID, VER_NBR, PERM_TMPL_ID, NM, DESC_TXT, ACTV_IND, NMSPC_CD) 
    VALUES('321', sys_guid(), 1, '45', null, null, 'Y', 'KFS-PURAP')
/
INSERT INTO KRIM_PERM_ATTR_DATA_T(ATTR_DATA_ID, OBJ_ID, VER_NBR, TARGET_PRIMARY_KEY, KIM_TYP_ID, KIM_ATTR_DEFN_ID, ATTR_VAL) 
    VALUES('463', sys_guid(), 1, '321', '9', '13', 'PO')
/
INSERT INTO KRIM_PERM_ATTR_DATA_T(ATTR_DATA_ID, OBJ_ID, VER_NBR, TARGET_PRIMARY_KEY, KIM_TYP_ID, KIM_ATTR_DEFN_ID, ATTR_VAL) 
    VALUES('464', sys_guid(), 1, '321', '9', '9', 'RFP Responses')
/
INSERT INTO KRIM_ROLE_PERM_T(ROLE_PERM_ID, OBJ_ID, VER_NBR, ROLE_ID, PERM_ID, ACTV_IND) 
    VALUES('602', sys_guid(), 1, '26', '321', 'Y')
/
INSERT INTO KRIM_PERM_T(PERM_ID, OBJ_ID, VER_NBR, PERM_TMPL_ID, NM, DESC_TXT, ACTV_IND, NMSPC_CD) 
    VALUES('322', sys_guid(), 1, '46', null, null, 'Y', 'KFS-PURAP')
/
INSERT INTO KRIM_PERM_ATTR_DATA_T(ATTR_DATA_ID, OBJ_ID, VER_NBR, TARGET_PRIMARY_KEY, KIM_TYP_ID, KIM_ATTR_DEFN_ID, ATTR_VAL) 
    VALUES('465', sys_guid(), 1, '322', '9', '13', 'PO')
/
INSERT INTO KRIM_PERM_ATTR_DATA_T(ATTR_DATA_ID, OBJ_ID, VER_NBR, TARGET_PRIMARY_KEY, KIM_TYP_ID, KIM_ATTR_DEFN_ID, ATTR_VAL) 
    VALUES('466', sys_guid(), 1, '322', '9', '9', 'RFP Responses')
/
INSERT INTO KRIM_ROLE_PERM_T(ROLE_PERM_ID, OBJ_ID, VER_NBR, ROLE_ID, PERM_ID, ACTV_IND) 
    VALUES('603', sys_guid(), 1, '26', '322', 'Y')
/
INSERT INTO KRIM_PERM_T(PERM_ID, OBJ_ID, VER_NBR, PERM_TMPL_ID, NM, DESC_TXT, ACTV_IND, NMSPC_CD) 
    VALUES('323', sys_guid(), 1, '45', null, null, 'Y', 'KFS-PURAP')
/
INSERT INTO KRIM_PERM_ATTR_DATA_T(ATTR_DATA_ID, OBJ_ID, VER_NBR, TARGET_PRIMARY_KEY, KIM_TYP_ID, KIM_ATTR_DEFN_ID, ATTR_VAL) 
    VALUES('467', sys_guid(), 1, '323', '9', '13', 'PO')
/
INSERT INTO KRIM_PERM_ATTR_DATA_T(ATTR_DATA_ID, OBJ_ID, VER_NBR, TARGET_PRIMARY_KEY, KIM_TYP_ID, KIM_ATTR_DEFN_ID, ATTR_VAL) 
    VALUES('468', sys_guid(), 1, '323', '9', '9', 'Other - Restricted')
/
INSERT INTO KRIM_ROLE_PERM_T(ROLE_PERM_ID, OBJ_ID, VER_NBR, ROLE_ID, PERM_ID, ACTV_IND) 
    VALUES('604', sys_guid(), 1, '26', '323', 'Y')
/
INSERT INTO KRIM_PERM_T(PERM_ID, OBJ_ID, VER_NBR, PERM_TMPL_ID, NM, DESC_TXT, ACTV_IND, NMSPC_CD) 
    VALUES('324', sys_guid(), 1, '46', null, null, 'Y', 'KFS-PURAP')
/
INSERT INTO KRIM_PERM_ATTR_DATA_T(ATTR_DATA_ID, OBJ_ID, VER_NBR, TARGET_PRIMARY_KEY, KIM_TYP_ID, KIM_ATTR_DEFN_ID, ATTR_VAL) 
    VALUES('469', sys_guid(), 1, '324', '9', '13', 'PO')
/
INSERT INTO KRIM_PERM_ATTR_DATA_T(ATTR_DATA_ID, OBJ_ID, VER_NBR, TARGET_PRIMARY_KEY, KIM_TYP_ID, KIM_ATTR_DEFN_ID, ATTR_VAL) 
    VALUES('470', sys_guid(), 1, '324', '9', '9', 'Other - Restricted')
/
INSERT INTO KRIM_ROLE_PERM_T(ROLE_PERM_ID, OBJ_ID, VER_NBR, ROLE_ID, PERM_ID, ACTV_IND) 
    VALUES('605', sys_guid(), 1, '26', '324', 'Y')
/
INSERT INTO KRIM_PERM_T(PERM_ID, OBJ_ID, VER_NBR, PERM_TMPL_ID, NM, DESC_TXT, ACTV_IND, NMSPC_CD) 
    VALUES('325', sys_guid(), 1, '45', null, null, 'Y', 'KFS-PURAP')
/
INSERT INTO KRIM_PERM_ATTR_DATA_T(ATTR_DATA_ID, OBJ_ID, VER_NBR, TARGET_PRIMARY_KEY, KIM_TYP_ID, KIM_ATTR_DEFN_ID, ATTR_VAL) 
    VALUES('471', sys_guid(), 1, '325', '9', '13', 'CM')
/
INSERT INTO KRIM_PERM_ATTR_DATA_T(ATTR_DATA_ID, OBJ_ID, VER_NBR, TARGET_PRIMARY_KEY, KIM_TYP_ID, KIM_ATTR_DEFN_ID, ATTR_VAL) 
    VALUES('472', sys_guid(), 1, '325', '9', '9', 'Credit Memo Image')
/
INSERT INTO KRIM_ROLE_PERM_T(ROLE_PERM_ID, OBJ_ID, VER_NBR, ROLE_ID, PERM_ID, ACTV_IND) 
    VALUES('606', sys_guid(), 1, '22', '325', 'Y')
/
INSERT INTO KRIM_PERM_T(PERM_ID, OBJ_ID, VER_NBR, PERM_TMPL_ID, NM, DESC_TXT, ACTV_IND, NMSPC_CD) 
    VALUES('326', sys_guid(), 1, '46', null, null, 'Y', 'KFS-PURAP')
/
INSERT INTO KRIM_PERM_ATTR_DATA_T(ATTR_DATA_ID, OBJ_ID, VER_NBR, TARGET_PRIMARY_KEY, KIM_TYP_ID, KIM_ATTR_DEFN_ID, ATTR_VAL) 
    VALUES('473', sys_guid(), 1, '326', '9', '13', 'CM')
/
INSERT INTO KRIM_PERM_ATTR_DATA_T(ATTR_DATA_ID, OBJ_ID, VER_NBR, TARGET_PRIMARY_KEY, KIM_TYP_ID, KIM_ATTR_DEFN_ID, ATTR_VAL) 
    VALUES('474', sys_guid(), 1, '326', '9', '9', 'Credit Memo Image')
/
INSERT INTO KRIM_ROLE_PERM_T(ROLE_PERM_ID, OBJ_ID, VER_NBR, ROLE_ID, PERM_ID, ACTV_IND) 
    VALUES('607', sys_guid(), 1, '22', '326', 'Y')
/
INSERT INTO KRIM_ROLE_PERM_T(ROLE_PERM_ID, OBJ_ID, VER_NBR, ROLE_ID, PERM_ID, ACTV_IND) 
    VALUES('608', sys_guid(), 1, '26', '326', 'Y')
/
INSERT INTO KRIM_ROLE_PERM_T(ROLE_PERM_ID, OBJ_ID, VER_NBR, ROLE_ID, PERM_ID, ACTV_IND) 
    VALUES('609', sys_guid(), 1, '61', '326', 'Y')
/

-- kfs-sys asset manager approval for asset fabrication
update krim_role_rsp_actn_t set priority_nbr = 1 where role_rsp_actn_id = '38'
/
INSERT INTO KRIM_ROLE_RSP_T(ROLE_RSP_ID, OBJ_ID, VER_NBR, ROLE_ID, RSP_ID, ACTV_IND) 
    VALUES('1115', sys_guid(), 1, '34', '16', 'Y')
/
INSERT INTO KRIM_ROLE_RSP_ACTN_T(ROLE_RSP_ACTN_ID, OBJ_ID, VER_NBR, ACTN_TYP_CD, PRIORITY_NBR, ACTN_PLCY_CD, ROLE_MBR_ID, ROLE_RSP_ID, IGNORE_PREV_IND) 
    VALUES('164', sys_guid(), 1, 'A', 2, 'F', '*', '1115', 'N')
/

-- add missing asset chart/org perms
INSERT INTO KRIM_PERM_T(PERM_ID, OBJ_ID, VER_NBR, PERM_TMPL_ID, NM, DESC_TXT, ACTV_IND, NMSPC_CD) 
    VALUES('327', sys_guid(), 1, '1', 'Maintain Asset Location', null, 'Y', 'KFS-CAM')
/
INSERT INTO KRIM_PERM_RQRD_ATTR_T(PERM_RQRD_ATTR_ID, OBJ_ID, VER_NBR, PERM_ID, KIM_ATTR_DEFN_ID, ACTV_IND) 
    VALUES('122', sys_guid(), 1, '327', '22', 'Y')
/
INSERT INTO KRIM_PERM_RQRD_ATTR_T(PERM_RQRD_ATTR_ID, OBJ_ID, VER_NBR, PERM_ID, KIM_ATTR_DEFN_ID, ACTV_IND) 
    VALUES('123', sys_guid(), 1, '327', '24', 'Y')
/
INSERT INTO KRIM_ROLE_PERM_T(ROLE_PERM_ID, OBJ_ID, VER_NBR, ROLE_ID, PERM_ID, ACTV_IND) 
    VALUES('610', sys_guid(), 1, '6', '327', 'Y')
/
