update krew_doc_typ_t set lbl='Organization Review' where doc_typ_nm = 'ORR'
/

INSERT INTO KRIM_PERM_T(PERM_ID, OBJ_ID, VER_NBR, PERM_TMPL_ID, NM, DESC_TXT, ACTV_IND, NMSPC_CD) 
    VALUES('358', sys_guid(), 1, '41', 'Modify Accounting Lines', null, 'Y', 'KFS-FP')
/
INSERT INTO KRIM_PERM_ATTR_DATA_T(ATTR_DATA_ID, OBJ_ID, VER_NBR, PERM_ID, KIM_TYP_ID, KIM_ATTR_DEFN_ID, ATTR_VAL) 
    VALUES('517', sys_guid(), 1, '358', '52', '13', 'DV')
/
INSERT INTO KRIM_PERM_ATTR_DATA_T(ATTR_DATA_ID, OBJ_ID, VER_NBR, PERM_ID, KIM_TYP_ID, KIM_ATTR_DEFN_ID, ATTR_VAL) 
    VALUES('518', sys_guid(), 1, '358', '52', '16', 'Travel')
/
INSERT INTO KRIM_PERM_ATTR_DATA_T(ATTR_DATA_ID, OBJ_ID, VER_NBR, PERM_ID, KIM_TYP_ID, KIM_ATTR_DEFN_ID, ATTR_VAL) 
    VALUES('519', sys_guid(), 1, '358', '52', '6', 'sourceAccountingLines.financialObjectCode')
/
INSERT INTO KRIM_ROLE_PERM_T(ROLE_PERM_ID, OBJ_ID, VER_NBR, ROLE_ID, PERM_ID, ACTV_IND) 
    VALUES('661', sys_guid(), 1, '66', '358', 'Y')
/

INSERT INTO KRIM_PERM_T(PERM_ID, OBJ_ID, VER_NBR, PERM_TMPL_ID, NM, DESC_TXT, ACTV_IND, NMSPC_CD) 
    VALUES('359', sys_guid(), 1, '29', 'Use Screen', null, 'Y', 'KFS-FP')
/
INSERT INTO KRIM_PERM_ATTR_DATA_T(ATTR_DATA_ID, OBJ_ID, VER_NBR, PERM_ID, KIM_TYP_ID, KIM_ATTR_DEFN_ID, ATTR_VAL) 
    VALUES('520', sys_guid(), 1, '359', '12', '2', 'org.kuali.kfs.fp.document.web.struts.DisbursementVoucherHelpAction')
/
INSERT INTO KRIM_ROLE_PERM_T(ROLE_PERM_ID, OBJ_ID, VER_NBR, ROLE_ID, PERM_ID, ACTV_IND) 
    VALUES('662', sys_guid(), 1, '83', '359', 'Y')
/

INSERT INTO KRIM_PERM_T(PERM_ID, OBJ_ID, VER_NBR, PERM_TMPL_ID, NM, DESC_TXT, ACTV_IND, NMSPC_CD) 
    VALUES('360', sys_guid(), 1, '10', 'Initiate Document', null, 'Y', 'KFS-AR')
/
INSERT INTO KRIM_PERM_ATTR_DATA_T(ATTR_DATA_ID, OBJ_ID, VER_NBR, PERM_ID, KIM_TYP_ID, KIM_ATTR_DEFN_ID, ATTR_VAL) 
    VALUES('521', sys_guid(), 1, '360', '3', '13', 'INVR')
/
INSERT INTO KRIM_ROLE_PERM_T(ROLE_PERM_ID, OBJ_ID, VER_NBR, ROLE_ID, PERM_ID, ACTV_IND) 
    VALUES('663', sys_guid(), 1, '62', '360', 'Y')
/

INSERT INTO KRIM_PERM_T(PERM_ID, OBJ_ID, VER_NBR, PERM_TMPL_ID, NM, DESC_TXT, ACTV_IND, NMSPC_CD) 
    VALUES('361', sys_guid(), 1, '10', 'Initiate Document', null, 'Y', 'KFS-FP')
/
INSERT INTO KRIM_PERM_ATTR_DATA_T(ATTR_DATA_ID, OBJ_ID, VER_NBR, PERM_ID, KIM_TYP_ID, KIM_ATTR_DEFN_ID, ATTR_VAL) 
    VALUES('522', sys_guid(), 1, '361', '3', '13', 'CDS')
/
INSERT INTO KRIM_ROLE_PERM_T(ROLE_PERM_ID, OBJ_ID, VER_NBR, ROLE_ID, PERM_ID, ACTV_IND) 
    VALUES('664', sys_guid(), 1, '11', '361', 'Y')
/
