ROLE_MBR_ID,OBJ_ID,ROLE_ID,MBR_ID,MBR_TYP_CD
KFS931,KFS931,11,3264700400,P
KFS932,KFS932,11,1110101123,P
KFS933,KFS933,11,1610003826,P
KFS934,KFS934,11,4021000393,P
KFS935,KFS935,11,2037407017,P
KFS936,KFS936,11,3613806482,P
KFS937,KFS937,11,1729700072,P
KFS938,KFS938,11,2744604637,P
KFS939,KFS939,11,2051003056,P
KFS940,KFS940,11,3312302137,P
KFS941,KFS941,11,3907601072,P
KFS942,KFS942,11,2253102501,P
KFS943,KFS943,11,5811904314,P
KFS944,KFS944,12,5238503444,P
KFS945,KFS945,12,4445203670,P
KFS946,KFS946,12,5331903365,P
KFS947,KFS947,12,4704600556,P
KFS948,KFS948,12,5412209968,P
KFS949,KFS949,12,4333007056,P
KFS950,KFS950,12,4465100463,P
KFS951,KFS951,12,5729300245,P
KFS952,KFS952,12,3428508900,P
KFS1186,KFS1186,13,5025501749,P
KFS1187,KFS1187,13,3372102879,P
KFS1188,KFS1188,13,5729300245,P
KFS1189,KFS1189,13,5729300245,P
KFS961,KFS961,15,6139306823,P
KFS1175,KFS1175,16,6162502038,P
KFS962,KFS962,16,2155107462,P
KFS963,KFS963,16,4191101345,P
KFS964,KFS964,16,5004802845,P
KFS965,KFS965,16,4685602389,P
KFS966,KFS966,16,6162502038,P
KFS967,KFS967,16,5778107441,P
KFS968,KFS968,16,4936104131,P
KFS970,KFS970,17,2514300297,P
KFS971,KFS971,17,5263304328,P
KFS1190,KFS1190,18,1545104915,P
KFS1191,KFS1191,18,1290503526,P
KFS1192,KFS1192,18,1975509930,P
KFS1193,KFS1193,18,1183109030,P
KFS1194,KFS1194,18,5967802348,P
KFS1195,KFS1195,18,2254202107,P
KFS1196,KFS1196,18,2726706560,P
KFS1197,KFS1197,18,1998203566,P
KFS1198,KFS1198,18,5561408311,P
KFS972,KFS972,19,3103108378,P
KFS973,KFS973,19,1917101392,P
KFS953,KFS953,20,3889504703,P
KFS954,KFS954,20,4988707000,P
KFS955,KFS955,20,1985208153,P
KFS956,KFS956,20,1743101782,P
KFS976,KFS976,22,4161901639,P
KFS977,KFS977,22,4052406505,P
KFS978,KFS978,22,2065607872,P
KFS979,KFS979,22,2930203477,P
KFS980,KFS980,22,2133704704,P
KFS981,KFS981,22,2905401709,P
KFS982,KFS982,22,3420506415,P
KFS983,KFS983,22,3420502200,P
KFS984,KFS984,22,3247002806,P
KFS985,KFS985,22,5755900139,P
KFS986,KFS986,22,2999000040,P
KFS987,KFS987,22,3344600883,P
KFS988,KFS988,22,1610003826,P
KFS989,KFS989,22,1959008511,P
KFS990,KFS990,22,4179703037,P
KFS991,KFS991,22,1509103107,P
KFS992,KFS992,22,6054309812,P
KFS1296,KFS1296,23,3570803537,P
KFS1297,KFS1297,23,5331201785,P
KFS1298,KFS1298,23,4004609468,P
KFS1299,KFS1299,23,3414509376,P
KFS1289,KFS1289,24,4146202628,P
KFS1290,KFS1290,24,4124805803,P
KFS1678,KFS1678,24,2930203477,P
KFS1679,KFS1679,24,3679505261,P
KFS1680,KFS1680,24,6259500614,P
KFS1681,KFS1681,24,3620801617,P
KFS1682,KFS1682,24,1257009999,P
KFS1199,KFS1199,25,1959008511,P
KFS1200,KFS1200,25,5621906847,P
KFS1201,KFS1201,25,5846500376,P
KFS1202,KFS1202,25,2244704330,P
KFS1203,KFS1203,25,2444607029,P
KFS1204,KFS1204,25,U000000004,P
KFS1205,KFS1205,25,I000000001,P
KFS1206,KFS1206,25,I000000002,P
KFS1207,KFS1207,25,I000000003,P
KFS1208,KFS1208,25,I000000004,P
KFS1209,KFS1209,25,I000000005,P
KFS1210,KFS1210,25,C000000001,P
KFS1211,KFS1211,25,C000000002,P
KFS1212,KFS1212,25,C000000003,P
KFS1213,KFS1213,25,C000000004,P
KFS1214,KFS1214,25,C000000005,P
KFS1215,KFS1215,25,D000000001,P
KFS1216,KFS1216,25,D000000002,P
KFS1217,KFS1217,25,D000000003,P
KFS1218,KFS1218,25,D000000004,P
KFS1219,KFS1219,25,D000000005,P
KFS1220,KFS1220,25,A000000001,P
KFS1221,KFS1221,25,A000000002,P
KFS1222,KFS1222,25,A000000003,P
KFS1223,KFS1223,25,A000000004,P
KFS1224,KFS1224,25,A000000005,P
KFS1225,KFS1225,25,M000000001,P
KFS1226,KFS1226,25,M000000002,P
KFS1227,KFS1227,25,M000000003,P
KFS1228,KFS1228,25,M000000004,P
KFS1229,KFS1229,25,M000000005,P
KFS1230,KFS1230,25,U000000001,P
KFS1231,KFS1231,25,U000000002,P
KFS1232,KFS1232,25,U000000003,P
KFS1233,KFS1233,25,U000000005,P
KFS1234,KFS1234,25,H000000001,P
KFS1235,KFS1235,25,H000000002,P
KFS1236,KFS1236,25,H000000003,P
KFS1237,KFS1237,25,H000000004,P
KFS1238,KFS1238,25,H000000005,P
KFS1000,KFS1000,26,A000000010,P
KFS1001,KFS1001,26,C000000006,P
KFS1002,KFS1002,26,C000000007,P
KFS1003,KFS1003,26,C000000008,P
KFS1004,KFS1004,26,C000000009,P
KFS1005,KFS1005,26,C000000010,P
KFS1006,KFS1006,26,D000000006,P
KFS1007,KFS1007,26,D000000007,P
KFS1008,KFS1008,26,D000000008,P
KFS1009,KFS1009,26,D000000009,P
KFS1010,KFS1010,26,D000000010,P
KFS1011,KFS1011,26,H000000006,P
KFS1012,KFS1012,26,H000000007,P
KFS1013,KFS1013,26,H000000008,P
KFS1014,KFS1014,26,H000000009,P
KFS1015,KFS1015,26,H000000010,P
KFS1016,KFS1016,26,I000000006,P
KFS1017,KFS1017,26,I000000007,P
KFS1018,KFS1018,26,I000000008,P
KFS1019,KFS1019,26,I000000009,P
KFS1020,KFS1020,26,I000000010,P
KFS1021,KFS1021,26,M000000006,P
KFS1022,KFS1022,26,M000000007,P
KFS1023,KFS1023,26,M000000008,P
KFS1024,KFS1024,26,M000000009,P
KFS1025,KFS1025,26,M000000010,P
KFS1026,KFS1026,26,U000000006,P
KFS1027,KFS1027,26,U000000007,P
KFS1028,KFS1028,26,U000000008,P
KFS1029,KFS1029,26,U000000009,P
KFS1030,KFS1030,26,U000000010,P
KFS1032,KFS1032,26,6219408423,P
KFS994,KFS994,26,4025604325,P
KFS995,KFS995,26,5011403363,P
KFS996,KFS996,26,A000000006,P
KFS997,KFS997,26,A000000007,P
KFS998,KFS998,26,A000000008,P
KFS999,KFS999,26,A000000009,P
KFS1239,KFS1239,27,2717708169,P
KFS1240,KFS1240,27,4440008197,P
KFS1291,KFS1291,28,4269702290,P
KFS1292,KFS1292,28,3432106365,P
KFS1683,KFS1683,28,4189500212,P
KFS1684,KFS1684,28,2615708929,P
KFS1685,KFS1685,28,3898405507,P
KFS1686,KFS1686,28,2498300893,P
KFS1687,KFS1687,28,5420400165,P
KFS1688,KFS1688,28,4813308951,P
KFS1689,KFS1689,28,4813308951,P
KFS1690,KFS1690,28,5121105659,P
KFS1691,KFS1691,28,5390502344,P
KFS1692,KFS1692,28,4249202839,P
KFS1705,KFS1705,28,2906405069,P
KFS1706,KFS1706,28,2906405069,P
KFS1707,KFS1707,28,2615708929,P
KFS1708,KFS1708,28,2615708929,P
KFS1034,KFS1034,29,5025501749,P
KFS958,KFS958,3,6162502038,P
KFS959,KFS959,3,2168808105,P
KFS1658,KFS1658,30,2557302698,P
KFS1659,KFS1659,30,2093401908,P
KFS911,KFS911,30,5269109539,P
KFS912,KFS912,30,3771303577,P
KFS913,KFS913,30,4052406505,P
KFS914,KFS914,30,3554107164,P
KFS1035,KFS1035,31,1312601202,P
KFS1656,KFS1656,31,4034202067,P
KFS1657,KFS1657,31,5725905238,P
KFS1036,KFS1036,34,2595106260,P
KFS1037,KFS1037,35,5267600242,P
KFS1038,KFS1038,35,2937208570,P
KFS1176,KFS1176,36,6162502038,P
KFS1177,KFS1177,36,1271304676,P
KFS1241,KFS1241,37,2168808105,P
KFS1242,KFS1242,37,1872708343,P
KFS1243,KFS1243,37,2868007063,P
KFS1244,KFS1244,37,1271304676,P
KFS1245,KFS1245,37,3771303577,P
KFS1246,KFS1246,37,6269308135,P
KFS1247,KFS1247,37,3771303577,P
KFS1248,KFS1248,37,1739701101,P
KFS1249,KFS1249,37,2615105455,P
KFS1250,KFS1250,37,3506305224,P
KFS1251,KFS1251,37,5186102229,P
KFS1252,KFS1252,37,4744906489,P
KFS1253,KFS1253,37,1271304676,P
KFS1039,KFS1039,38,4936104131,P
KFS1040,KFS1040,38,4663701472,P
KFS1041,KFS1041,38,3593407588,P
KFS1042,KFS1042,38,6162502038,P
KFS1043,KFS1043,38,2615708929,P
KFS1044,KFS1044,38,4553801458,P
KFS1045,KFS1045,38,2459709799,P
KFS1255,KFS1255,39,2717804241,P
KFS1256,KFS1256,39,4445203670,P
KFS1257,KFS1257,39,2717804241,P
KFS1258,KFS1258,39,6162502038,P
KFS1259,KFS1259,39,6276904397,P
KFS1260,KFS1260,39,2615708929,P
KFS1261,KFS1261,39,6054309812,P
KFS1262,KFS1262,39,6054309812,P
KFS1263,KFS1263,39,6054309812,P
KFS1264,KFS1264,39,6054309812,P
KFS1265,KFS1265,39,6054309812,P
KFS1266,KFS1266,39,6054309812,P
KFS1267,KFS1267,39,6054309812,P
KFS1268,KFS1268,39,6054309812,P
KFS1269,KFS1269,39,2717804241,P
KFS1270,KFS1270,39,4445203670,P
KFS1271,KFS1271,39,6054309812,P
KFS1272,KFS1272,39,2717804241,P
KFS1273,KFS1273,39,4445203670,P
KFS1274,KFS1274,39,6054309812,P
KFS1275,KFS1275,39,6054309812,P
KFS1276,KFS1276,39,6054309812,P
KFS1277,KFS1277,39,6054309812,P
KFS1046,KFS1046,40,1959008511,P
KFS1047,KFS1047,40,3098006714,P
KFS1048,KFS1048,40,4189500212,P
KFS1049,KFS1049,40,3736906932,P
KFS1050,KFS1050,40,5642104006,P
KFS1051,KFS1051,40,5430509566,P
KFS1052,KFS1052,40,5631302174,P
KFS1053,KFS1053,40,5335901264,P
KFS1054,KFS1054,40,2129506255,P
KFS1055,KFS1055,40,4664304215,P
KFS1056,KFS1056,40,4655304196,P
KFS1057,KFS1057,40,2691706557,P
KFS1058,KFS1058,40,2250505415,P
KFS1059,KFS1059,40,1308508136,P
KFS1060,KFS1060,40,1769006523,P
KFS1061,KFS1061,40,1516803729,P
KFS1062,KFS1062,40,2753204360,P
KFS1063,KFS1063,40,6156606070,P
KFS1064,KFS1064,40,6012204256,P
KFS1065,KFS1065,40,2341000360,P
KFS1066,KFS1066,40,3546008326,P
KFS1067,KFS1067,40,6208601267,P
KFS1068,KFS1068,40,4965407189,P
KFS1069,KFS1069,40,5989900763,P
KFS1070,KFS1070,40,1638600687,P
KFS1071,KFS1071,40,4146202628,P
KFS1072,KFS1072,40,6126708165,P
KFS1073,KFS1073,40,4766504540,P
KFS1074,KFS1074,40,2059604038,P
KFS1075,KFS1075,40,2580507812,P
KFS1076,KFS1076,40,4505504841,P
KFS1077,KFS1077,40,5873409408,P
KFS1078,KFS1078,40,1462106196,P
KFS1079,KFS1079,40,3373403412,P
KFS1080,KFS1080,40,6050504460,P
KFS1081,KFS1081,40,4542806317,P
KFS1082,KFS1082,40,2659604340,P
KFS1083,KFS1083,40,1659405606,P
KFS1084,KFS1084,40,4879901673,P
KFS1085,KFS1085,40,4205601851,P
KFS1086,KFS1086,40,3728902353,P
KFS1087,KFS1087,40,1335003222,P
KFS1088,KFS1088,40,1210506984,P
KFS1089,KFS1089,40,6218206268,P
KFS1090,KFS1090,40,4684100678,P
KFS1091,KFS1091,40,4693407610,P
KFS1092,KFS1092,40,3880605325,P
KFS1093,KFS1093,40,3908907565,P
KFS1094,KFS1094,40,5186100361,P
KFS1095,KFS1095,40,1533606607,P
KFS1096,KFS1096,40,3334505644,P
KFS1097,KFS1097,40,1463708773,P
KFS1098,KFS1098,40,5674104312,P
KFS1099,KFS1099,40,4878002324,P
KFS1100,KFS1100,40,5035908682,P
KFS1101,KFS1101,40,5790902739,P
KFS1102,KFS1102,40,5367103951,P
KFS1103,KFS1103,40,3889504703,P
KFS1104,KFS1104,40,2905707168,P
KFS1105,KFS1105,40,3620801617,P
KFS1106,KFS1106,40,1587202030,P
KFS1107,KFS1107,40,4374009622,P
KFS1108,KFS1108,40,4362904431,P
KFS1109,KFS1109,40,5919702911,P
KFS1110,KFS1110,40,4763403483,P
KFS1111,KFS1111,40,4463509160,P
KFS1112,KFS1112,40,5758507907,P
KFS1113,KFS1113,40,1461200273,P
KFS1114,KFS1114,40,6094500409,P
KFS1115,KFS1115,40,5166508090,P
KFS1116,KFS1116,40,5334003983,P
KFS1117,KFS1117,40,4076302016,P
KFS1118,KFS1118,40,3381303865,P
KFS1119,KFS1119,40,3666809498,P
KFS1120,KFS1120,40,3356000660,P
KFS1121,KFS1121,40,1689406108,P
KFS1122,KFS1122,40,1137304513,P
KFS1123,KFS1123,40,4446301330,P
KFS1124,KFS1124,40,4102006775,P
KFS1125,KFS1125,40,5026506974,P
KFS1126,KFS1126,40,5373008390,P
KFS1127,KFS1127,40,1306901621,P
KFS1128,KFS1128,40,5771807326,P
KFS1129,KFS1129,40,1811109385,P
KFS1130,KFS1130,40,1297209262,P
KFS1131,KFS1131,40,2544403609,P
KFS1132,KFS1132,40,2112807392,P
KFS1133,KFS1133,40,2553103572,P
KFS1134,KFS1134,40,5053009758,P
KFS1135,KFS1135,40,4667608469,P
KFS1136,KFS1136,40,3012703100,P
KFS1137,KFS1137,40,1632009201,P
KFS1138,KFS1138,40,3072201870,P
KFS1139,KFS1139,40,1208309261,P
KFS1140,KFS1140,40,2191200653,P
KFS1141,KFS1141,40,3229901916,P
KFS1142,KFS1142,40,1421900725,P
KFS1143,KFS1143,40,5184906417,P
KFS1144,KFS1144,40,2090102017,P
KFS1145,KFS1145,40,5366808694,P
KFS1146,KFS1146,40,1417202799,P
KFS1147,KFS1147,40,1736801902,P
KFS1148,KFS1148,40,1988505427,P
KFS1149,KFS1149,40,2035402366,P
KFS1150,KFS1150,40,4797500314,P
KFS1151,KFS1151,40,1732407799,P
KFS1152,KFS1152,40,4071101475,P
KFS1153,KFS1153,40,4521601311,P
KFS1154,KFS1154,40,5045201884,P
KFS1155,KFS1155,40,5951409987,P
KFS1156,KFS1156,40,2311506822,P
KFS1157,KFS1157,45,3372102879,P
KFS1158,KFS1158,45,3383108331,P
KFS1159,KFS1159,45,1739701101,P
KFS1160,KFS1160,45,1781003865,P
KFS1161,KFS1161,45,5293405344,P
KFS1162,KFS1162,45,5918604591,P
KFS1163,KFS1163,45,6162502038,P
KFS1164,KFS1164,45,3420506415,P
KFS1165,KFS1165,45,2906405069,P
KFS1166,KFS1166,46,4443702936,P
KFS1167,KFS1167,47,2302909552,P
KFS1300,KFS1300,48,3679505261,P
KFS1302,KFS1302,48,2687501556,P
KFS1170,KFS1170,49,6162502038,P
KFS1171,KFS1171,49,6185006765,P
KFS1172,KFS1172,49,2133704704,P
KFS1173,KFS1173,49,5721404797,P
KFS1660,KFS1660,49,1416100736,P
KFS1661,KFS1661,49,5729300245,P
KFS915,KFS915,5,1730300231,P
KFS916,KFS916,5,3880605325,P
KFS917,KFS917,5,4325800307,P
KFS918,KFS918,5,2228809634,P
KFS919,KFS919,5,3879106523,P
KFS920,KFS920,5,1516709007,P
KFS921,KFS921,5,3328902578,P
KFS922,KFS922,5,1896903531,P
KFS923,KFS923,5,5238208156,P
KFS924,KFS924,5,3334505644,P
KFS925,KFS925,5,5653408083,P
KFS926,KFS926,5,4655607592,P
KFS927,KFS927,5,1862105446,P
KFS928,KFS928,5,5275603672,P
KFS929,KFS929,5,4332503265,P
KFS930,KFS930,5,4040902117,P
KFS1180,KFS1180,50,6219408423,P
KFS1181,KFS1181,50,4936104131,P
KFS1182,KFS1182,50,3264700400,P
KFS960,KFS960,50,3372102879,P
KFS974,KFS974,50,6162502038,P
KFS975,KFS975,50,5421008748,P
KFS1174,KFS1174,51,admin,P
KFS1,KFS1,54,3898405507,P
KFS10,KFS10,54,3098006714,P
KFS100,KFS100,54,4965200876,P
KFS101,KFS101,54,4287502068,P
KFS102,KFS102,54,1184605262,P
KFS103,KFS103,54,2329509434,P
KFS104,KFS104,54,3247002806,P
KFS105,KFS105,54,4205601851,P
KFS106,KFS106,54,3420502200,P
KFS107,KFS107,54,3909900391,P
KFS108,KFS108,54,1581207819,P
KFS109,KFS109,54,1469805442,P
KFS11,KFS11,54,4189500212,P
KFS110,KFS110,54,2591309555,P
KFS111,KFS111,54,2860009297,P
KFS112,KFS112,54,6065408755,P
KFS113,KFS113,54,4597402875,P
KFS114,KFS114,54,1545104915,P
KFS115,KFS115,54,1290503526,P
KFS116,KFS116,54,1975509930,P
KFS117,KFS117,54,1183109030,P
KFS118,KFS118,54,5967802348,P
KFS119,KFS119,54,2254202107,P
KFS12,KFS12,54,3644105427,P
KFS120,KFS120,54,2726706560,P
KFS121,KFS121,54,1998203566,P
KFS122,KFS122,54,5561408311,P
KFS123,KFS123,54,2367402565,P
KFS124,KFS124,54,3264700400,P
KFS125,KFS125,54,3296604185,P
KFS126,KFS126,54,5652205916,P
KFS127,KFS127,54,2532408486,P
KFS128,KFS128,54,4041902980,P
KFS129,KFS129,54,3709601315,P
KFS13,KFS13,54,3736906932,P
KFS130,KFS130,54,1335003222,P
KFS131,KFS131,54,5949304259,P
KFS132,KFS132,54,5518608449,P
KFS133,KFS133,54,3998400688,P
KFS134,KFS134,54,2057006123,P
KFS135,KFS135,54,4263602369,P
KFS136,KFS136,54,2724700273,P
KFS137,KFS137,54,5594206387,P
KFS138,KFS138,54,3106006335,P
KFS139,KFS139,54,2244704330,P
KFS14,KFS14,54,5068701724,P
KFS140,KFS140,54,2885908053,P
KFS141,KFS141,54,4182202259,P
KFS142,KFS142,54,4154408215,P
KFS143,KFS143,54,6182208707,P
KFS144,KFS144,54,4553801458,P
KFS145,KFS145,54,3241801877,P
KFS146,KFS146,54,3083208092,P
KFS147,KFS147,54,1701107778,P
KFS148,KFS148,54,1680308253,P
KFS149,KFS149,54,4545405888,P
KFS15,KFS15,54,4971403958,P
KFS150,KFS150,54,6269308135,P
KFS151,KFS151,54,6272309454,P
KFS152,KFS152,54,5065906725,P
KFS153,KFS153,54,5121105659,P
KFS154,KFS154,54,1781104312,P
KFS155,KFS155,54,5598104606,P
KFS156,KFS156,54,4835307856,P
KFS157,KFS157,54,5370700381,P
KFS158,KFS158,54,2871205128,P
KFS159,KFS159,54,1110101123,P
KFS16,KFS16,54,5430509566,P
KFS160,KFS160,54,4809905701,P
KFS161,KFS161,54,4797306442,P
KFS162,KFS162,54,5469103838,P
KFS163,KFS163,54,2123906967,P
KFS1639,KFS1639,54,4431400488,P
KFS164,KFS164,54,3953901363,P
KFS165,KFS165,54,6076602019,P
KFS166,KFS166,54,5388101202,P
KFS167,KFS167,54,4676801285,P
KFS168,KFS168,54,5594003018,P
KFS169,KFS169,54,4425901434,P
KFS17,KFS17,54,3344600883,P
KFS170,KFS170,54,3072605934,P
KFS171,KFS171,54,3271906388,P
KFS172,KFS172,54,1391709836,P
KFS173,KFS173,54,5049406169,P
KFS174,KFS174,54,3622007882,P
KFS175,KFS175,54,3127805179,P
KFS176,KFS176,54,1977504222,P
KFS177,KFS177,54,4219606069,P
KFS178,KFS178,54,2200400621,P
KFS179,KFS179,54,1396502519,P
KFS18,KFS18,54,2999000040,P
KFS180,KFS180,54,5511601466,P
KFS181,KFS181,54,5340904165,P
KFS182,KFS182,54,4949701040,P
KFS183,KFS183,54,3114503350,P
KFS184,KFS184,54,5163208565,P
KFS185,KFS185,54,1701207121,P
KFS186,KFS186,54,4984801399,P
KFS187,KFS187,54,2422606713,P
KFS188,KFS188,54,5759504722,P
KFS189,KFS189,54,4663701472,P
KFS19,KFS19,54,5631302174,P
KFS190,KFS190,54,3771403079,P
KFS191,KFS191,54,1873802777,P
KFS192,KFS192,54,2266302958,P
KFS193,KFS193,54,1143902789,P
KFS194,KFS194,54,3303508289,P
KFS195,KFS195,54,1541203472,P
KFS196,KFS196,54,4212109427,P
KFS197,KFS197,54,2645800726,P
KFS198,KFS198,54,2219604689,P
KFS199,KFS199,54,3209904483,P
KFS2,KFS2,54,1509103107,P
KFS20,KFS20,54,2210808811,P
KFS200,KFS200,54,3541802074,P
KFS201,KFS201,54,5505804257,P
KFS202,KFS202,54,2381600911,P
KFS203,KFS203,54,4762009731,P
KFS204,KFS204,54,3084506625,P
KFS205,KFS205,54,1893804727,P
KFS206,KFS206,54,1860703812,P
KFS207,KFS207,54,3491306639,P
KFS208,KFS208,54,5268706644,P
KFS209,KFS209,54,5269109539,P
KFS21,KFS21,54,5335901264,P
KFS210,KFS210,54,3236104556,P
KFS211,KFS211,54,4615400247,P
KFS212,KFS212,54,2037407017,P
KFS213,KFS213,54,5238503444,P
KFS214,KFS214,54,3506305224,P
KFS215,KFS215,54,1851407732,P
KFS216,KFS216,54,2168808105,P
KFS217,KFS217,54,1997403090,P
KFS218,KFS218,54,2210608902,P
KFS219,KFS219,54,3075402167,P
KFS22,KFS22,54,2133704704,P
KFS220,KFS220,54,3608700794,P
KFS221,KFS221,54,3091109681,P
KFS222,KFS222,54,3379807602,P
KFS223,KFS223,54,2698204697,P
KFS224,KFS224,54,3395606968,P
KFS225,KFS225,54,2142103403,P
KFS226,KFS226,54,2444607029,P
KFS227,KFS227,54,5049708811,P
KFS228,KFS228,54,3613806482,P
KFS229,KFS229,54,2125805710,P
KFS23,KFS23,54,2930203477,P
KFS230,KFS230,54,3432106365,P
KFS231,KFS231,54,2100108872,P
KFS232,KFS232,54,2477306322,P
KFS233,KFS233,54,1668303757,P
KFS234,KFS234,54,2905401709,P
KFS235,KFS235,54,3082302550,P
KFS236,KFS236,54,4657500196,P
KFS237,KFS237,54,5840802300,P
KFS238,KFS238,54,3570803537,P
KFS239,KFS239,54,5331201785,P
KFS24,KFS24,54,2539200452,P
KFS240,KFS240,54,4004609468,P
KFS241,KFS241,54,3414509376,P
KFS242,KFS242,54,1271304676,P
KFS243,KFS243,54,3679505261,P
KFS244,KFS244,54,2566903942,P
KFS245,KFS245,54,2687501556,P
KFS246,KFS246,54,4951900430,P
KFS247,KFS247,54,2683109793,P
KFS248,KFS248,54,1872708343,P
KFS249,KFS249,54,2017509094,P
KFS25,KFS25,54,6054406226,P
KFS250,KFS250,54,4385708213,P
KFS251,KFS251,54,5157601830,P
KFS252,KFS252,54,6090605470,P
KFS253,KFS253,54,2130202257,P
KFS254,KFS254,54,5424404553,P
KFS255,KFS255,54,2191506168,P
KFS256,KFS256,54,3949401795,P
KFS257,KFS257,54,1250802481,P
KFS258,KFS258,54,4156108398,P
KFS259,KFS259,54,3554107164,P
KFS26,KFS26,54,1662000685,P
KFS260,KFS260,54,2039604860,P
KFS261,KFS261,54,5666106211,P
KFS262,KFS262,54,4318506633,P
KFS263,KFS263,54,6218206268,P
KFS264,KFS264,54,4684100678,P
KFS265,KFS265,54,3421900658,P
KFS266,KFS266,54,5778107441,P
KFS267,KFS267,54,4640605151,P
KFS268,KFS268,54,5253907165,P
KFS269,KFS269,54,5703004918,P
KFS27,KFS27,54,1110902378,P
KFS270,KFS270,54,2701102442,P
KFS271,KFS271,54,3851402102,P
KFS272,KFS272,54,3973303170,P
KFS273,KFS273,54,4769102739,P
KFS274,KFS274,54,2171806350,P
KFS275,KFS275,54,4425301537,P
KFS276,KFS276,54,1229409497,P
KFS277,KFS277,54,4119106569,P
KFS278,KFS278,54,1409904240,P
KFS279,KFS279,54,5369106674,P
KFS28,KFS28,54,5246402917,P
KFS280,KFS280,54,4229402365,P
KFS281,KFS281,54,2247204558,P
KFS282,KFS282,54,5009908085,P
KFS283,KFS283,54,4071904043,P
KFS284,KFS284,54,3882609863,P
KFS285,KFS285,54,3237001729,P
KFS286,KFS286,54,4532607382,P
KFS287,KFS287,54,5454406993,P
KFS288,KFS288,54,1257009999,P
KFS289,KFS289,54,4189006519,P
KFS29,KFS29,54,5621906847,P
KFS290,KFS290,54,4191101345,P
KFS291,KFS291,54,2676505139,P
KFS292,KFS292,54,1825401133,P
KFS293,KFS293,54,2416008397,P
KFS294,KFS294,54,4342508112,P
KFS295,KFS295,54,4120805311,P
KFS296,KFS296,54,1304408857,P
KFS297,KFS297,54,4603906716,P
KFS298,KFS298,54,1617103986,P
KFS299,KFS299,54,3504508872,P
KFS3,KFS3,54,4818506871,P
KFS30,KFS30,54,4212400813,P
KFS300,KFS300,54,1538407407,P
KFS301,KFS301,54,3339401230,P
KFS302,KFS302,54,3616406417,P
KFS303,KFS303,54,6110703327,P
KFS304,KFS304,54,4054206419,P
KFS305,KFS305,54,5564804827,P
KFS306,KFS306,54,3651402735,P
KFS307,KFS307,54,4075208273,P
KFS308,KFS308,54,2620008671,P
KFS309,KFS309,54,1625704209,P
KFS31,KFS31,54,2691706557,P
KFS310,KFS310,54,2689004273,P
KFS311,KFS311,54,4295400514,P
KFS312,KFS312,54,3771303577,P
KFS313,KFS313,54,5870509419,P
KFS314,KFS314,54,3577005213,P
KFS315,KFS315,54,5838306122,P
KFS316,KFS316,54,5683305708,P
KFS317,KFS317,54,1399906687,P
KFS318,KFS318,54,3526803109,P
KFS319,KFS319,54,4012108265,P
KFS32,KFS32,54,1308508136,P
KFS320,KFS320,54,1913409136,P
KFS321,KFS321,54,2234900338,P
KFS322,KFS322,54,1257605304,P
KFS323,KFS323,54,4526900367,P
KFS324,KFS324,54,6274603810,P
KFS325,KFS325,54,1494004993,P
KFS326,KFS326,54,5368508241,P
KFS327,KFS327,54,5598509810,P
KFS328,KFS328,54,4326006416,P
KFS329,KFS329,54,5589007124,P
KFS33,KFS33,54,3420506415,P
KFS330,KFS330,54,4670302271,P
KFS331,KFS331,54,5455507137,P
KFS332,KFS332,54,4160100413,P
KFS333,KFS333,54,2798209582,P
KFS334,KFS334,54,1825000680,P
KFS335,KFS335,54,3185208201,P
KFS336,KFS336,54,3153306089,P
KFS337,KFS337,54,5360703640,P
KFS338,KFS338,54,4557803500,P
KFS339,KFS339,54,4756700862,P
KFS34,KFS34,54,6218805472,P
KFS340,KFS340,54,1153304576,P
KFS341,KFS341,54,6172204597,P
KFS342,KFS342,54,2098609156,P
KFS343,KFS343,54,5934406882,P
KFS344,KFS344,54,5725905238,P
KFS345,KFS345,54,3962607660,P
KFS346,KFS346,54,3686309824,P
KFS347,KFS347,54,2557302698,P
KFS348,KFS348,54,4512803108,P
KFS349,KFS349,54,6185006765,P
KFS35,KFS35,54,6012204256,P
KFS350,KFS350,54,2514300297,P
KFS351,KFS351,54,2216800403,P
KFS352,KFS352,54,5263304328,P
KFS353,KFS353,54,4042509785,P
KFS354,KFS354,54,4936104131,P
KFS355,KFS355,54,1110208926,P
KFS356,KFS356,54,3103108378,P
KFS357,KFS357,54,1917101392,P
KFS358,KFS358,54,1805206486,P
KFS359,KFS359,54,2853504613,P
KFS36,KFS36,54,5729300245,P
KFS360,KFS360,54,2815401389,P
KFS361,KFS361,54,3954101482,P
KFS362,KFS362,54,3324503879,P
KFS363,KFS363,54,3572801924,P
KFS364,KFS364,54,1407101459,P
KFS365,KFS365,54,2151305938,P
KFS366,KFS366,54,1312601202,P
KFS367,KFS367,54,2595106260,P
KFS368,KFS368,54,5267600242,P
KFS369,KFS369,54,2937208570,P
KFS37,KFS37,54,2341000360,P
KFS370,KFS370,54,3172909967,P
KFS371,KFS371,54,3696203424,P
KFS372,KFS372,54,4443702936,P
KFS373,KFS373,54,2302909552,P
KFS374,KFS374,54,2598709220,P
KFS375,KFS375,54,2827008884,P
KFS376,KFS376,54,2462903583,P
KFS377,KFS377,54,5214509007,P
KFS378,KFS378,54,2529001055,P
KFS379,KFS379,54,1595003228,P
KFS38,KFS38,54,4939700542,P
KFS380,KFS380,54,5011403363,P
KFS381,KFS381,54,5601108543,P
KFS382,KFS382,54,1395608638,P
KFS383,KFS383,54,3723004024,P
KFS384,KFS384,54,2960207362,P
KFS385,KFS385,54,5566302804,P
KFS386,KFS386,54,3892107556,P
KFS387,KFS387,54,4592004673,P
KFS388,KFS388,54,4054108339,P
KFS389,KFS389,54,1548905190,P
KFS39,KFS39,54,1326409751,P
KFS390,KFS390,54,3311909675,P
KFS391,KFS391,54,2235508898,P
KFS392,KFS392,54,2855702943,P
KFS393,KFS393,54,2817408084,P
KFS394,KFS394,54,5801508274,P
KFS395,KFS395,54,5183806303,P
KFS396,KFS396,54,5927407565,P
KFS397,KFS397,54,3439809008,P
KFS398,KFS398,54,1246104058,P
KFS399,KFS399,54,5483808706,P
KFS4,KFS4,54,4217300016,P
KFS40,KFS40,54,1729700072,P
KFS400,KFS400,54,2558305577,P
KFS401,KFS401,54,1963107144,P
KFS402,KFS402,54,4253800242,P
KFS403,KFS403,54,3682507451,P
KFS404,KFS404,54,1913605143,P
KFS405,KFS405,54,5103107704,P
KFS406,KFS406,54,1815201705,P
KFS407,KFS407,54,1858404165,P
KFS408,KFS408,54,2007308722,P
KFS409,KFS409,54,4602809661,P
KFS41,KFS41,54,2371700399,P
KFS410,KFS410,54,2976808378,P
KFS411,KFS411,54,4215903770,P
KFS412,KFS412,54,5384207659,P
KFS413,KFS413,54,6219307217,P
KFS414,KFS414,54,3270009216,P
KFS415,KFS415,54,4322103093,P
KFS416,KFS416,54,4836204798,P
KFS417,KFS417,54,4636809178,P
KFS418,KFS418,54,2493208285,P
KFS419,KFS419,54,1623901088,P
KFS42,KFS42,54,4965407189,P
KFS420,KFS420,54,3808900136,P
KFS421,KFS421,54,3428005487,P
KFS422,KFS422,54,1224201162,P
KFS423,KFS423,54,2843302291,P
KFS424,KFS424,54,3909803874,P
KFS425,KFS425,54,5691404828,P
KFS426,KFS426,54,2470508447,P
KFS427,KFS427,54,3317806328,P
KFS428,KFS428,54,4660302992,P
KFS429,KFS429,54,4843207887,P
KFS43,KFS43,54,2363702481,P
KFS430,KFS430,54,1164809566,P
KFS431,KFS431,54,3132300262,P
KFS432,KFS432,54,2459709799,P
KFS433,KFS433,54,1506406723,P
KFS434,KFS434,54,3830700232,P
KFS435,KFS435,54,1739701101,P
KFS436,KFS436,54,2599004561,P
KFS437,KFS437,54,4021000393,P
KFS438,KFS438,54,2552809682,P
KFS439,KFS439,54,5822209974,P
KFS44,KFS44,54,2171104510,P
KFS440,KFS440,54,1897800967,P
KFS441,KFS441,54,5397206164,P
KFS442,KFS442,54,2744604637,P
KFS443,KFS443,54,5001606818,P
KFS444,KFS444,54,5558702729,P
KFS445,KFS445,54,5240003343,P
KFS446,KFS446,54,4426706986,P
KFS447,KFS447,54,6044901223,P
KFS448,KFS448,54,2321500336,P
KFS449,KFS449,54,2566404853,P
KFS45,KFS45,54,2982703845,P
KFS450,KFS450,54,4598205605,P
KFS451,KFS451,54,6235900785,P
KFS452,KFS452,54,1777902237,P
KFS453,KFS453,54,5750603189,P
KFS454,KFS454,54,2498300893,P
KFS455,KFS455,54,2862905828,P
KFS456,KFS456,54,2079403368,P
KFS457,KFS457,54,5166900312,P
KFS458,KFS458,54,2845700356,P
KFS459,KFS459,54,1730300231,P
KFS46,KFS46,54,4146202628,P
KFS460,KFS460,54,3880605325,P
KFS461,KFS461,54,4325800307,P
KFS462,KFS462,54,2228809634,P
KFS463,KFS463,54,3879106523,P
KFS464,KFS464,54,1516709007,P
KFS465,KFS465,54,3328902578,P
KFS466,KFS466,54,1896903531,P
KFS467,KFS467,54,5238208156,P
KFS468,KFS468,54,3334505644,P
KFS469,KFS469,54,5653408083,P
KFS47,KFS47,54,3093503932,P
KFS470,KFS470,54,4655607592,P
KFS471,KFS471,54,1862105446,P
KFS472,KFS472,54,5275603672,P
KFS473,KFS473,54,4332503265,P
KFS474,KFS474,54,4040902117,P
KFS475,KFS475,54,5790902739,P
KFS476,KFS476,54,2007901595,P
KFS477,KFS477,54,5370702076,P
KFS478,KFS478,54,1879003958,P
KFS479,KFS479,54,2210506219,P
KFS48,KFS48,54,4336803918,P
KFS480,KFS480,54,3889504703,P
KFS481,KFS481,54,4988707000,P
KFS482,KFS482,54,1985208153,P
KFS483,KFS483,54,1743101782,P
KFS484,KFS484,54,6085806353,P
KFS485,KFS485,54,5246301400,P
KFS486,KFS486,54,2905707168,P
KFS487,KFS487,54,6242205377,P
KFS488,KFS488,54,1624505499,P
KFS489,KFS489,54,3620801617,P
KFS49,KFS49,54,2330602960,P
KFS490,KFS490,54,5043206372,P
KFS491,KFS491,54,6001205150,P
KFS492,KFS492,54,3018504407,P
KFS493,KFS493,54,1683304591,P
KFS494,KFS494,54,5069707491,P
KFS495,KFS495,54,2079807479,P
KFS496,KFS496,54,5003409252,P
KFS497,KFS497,54,3933407724,P
KFS498,KFS498,54,1529707192,P
KFS499,KFS499,54,2740808468,P
KFS5,KFS5,54,3386606059,P
KFS50,KFS50,54,5846500376,P
KFS500,KFS500,54,3406900727,P
KFS501,KFS501,54,2681701139,P
KFS502,KFS502,54,5163907497,P
KFS503,KFS503,54,3414606406,P
KFS504,KFS504,54,2362105752,P
KFS505,KFS505,54,5045602480,P
KFS506,KFS506,54,2169500830,P
KFS507,KFS507,54,2604400361,P
KFS508,KFS508,54,5720209145,P
KFS509,KFS509,54,5965907037,P
KFS51,KFS51,54,5262907175,P
KFS510,KFS510,54,3101406141,P
KFS511,KFS511,54,2528805211,P
KFS512,KFS512,54,3918606779,P
KFS513,KFS513,54,2379808946,P
KFS514,KFS514,54,5282906856,P
KFS515,KFS515,54,6051803775,P
KFS516,KFS516,54,6094500409,P
KFS517,KFS517,54,5166508090,P
KFS518,KFS518,54,1170706400,P
KFS519,KFS519,54,1867601981,P
KFS52,KFS52,54,3670600494,P
KFS520,KFS520,54,5541506375,P
KFS521,KFS521,54,5785104639,P
KFS522,KFS522,54,1793008100,P
KFS523,KFS523,54,4034202067,P
KFS524,KFS524,54,5334003983,P
KFS525,KFS525,54,2552202601,P
KFS526,KFS526,54,3910806448,P
KFS527,KFS527,54,1200708313,P
KFS528,KFS528,54,1409801740,P
KFS529,KFS529,54,3673205053,P
KFS53,KFS53,54,6240307307,P
KFS530,KFS530,54,4483606887,P
KFS531,KFS531,54,5154406618,P
KFS532,KFS532,54,1634605169,P
KFS533,KFS533,54,1689406108,P
KFS534,KFS534,54,4452809121,P
KFS535,KFS535,54,2283704736,P
KFS536,KFS536,54,4446301330,P
KFS537,KFS537,54,6170904981,P
KFS538,KFS538,54,2452000667,P
KFS539,KFS539,54,3492904444,P
KFS54,KFS54,54,2067406910,P
KFS540,KFS540,54,5384306295,P
KFS541,KFS541,54,3907601072,P
KFS542,KFS542,54,1618507225,P
KFS543,KFS543,54,2420002064,P
KFS544,KFS544,54,1811109385,P
KFS545,KFS545,54,1259209800,P
KFS546,KFS546,54,2553103572,P
KFS547,KFS547,54,2253805465,P
KFS548,KFS548,54,5852509909,P
KFS549,KFS549,54,5053009758,P
KFS55,KFS55,54,1586001806,P
KFS550,KFS550,54,4667608469,P
KFS551,KFS551,54,3012703100,P
KFS552,KFS552,54,1881202850,P
KFS553,KFS553,54,2588101919,P
KFS554,KFS554,54,5505306341,P
KFS555,KFS555,54,4394206018,P
KFS556,KFS556,54,3933904788,P
KFS557,KFS557,54,5018607807,P
KFS558,KFS558,54,1594308264,P
KFS559,KFS559,54,3744107105,P
KFS56,KFS56,54,3608607904,P
KFS560,KFS560,54,4430604374,P
KFS561,KFS561,54,5789807604,P
KFS562,KFS562,54,4471904949,P
KFS563,KFS563,54,4672105003,P
KFS564,KFS564,54,1715703441,P
KFS565,KFS565,54,4959604187,P
KFS566,KFS566,54,3701402014,P
KFS567,KFS567,54,5535209660,P
KFS568,KFS568,54,2783907167,P
KFS569,KFS569,54,3262902893,P
KFS57,KFS57,54,2256603317,P
KFS570,KFS570,54,2456303043,P
KFS571,KFS571,54,3312302137,P
KFS572,KFS572,54,2191200653,P
KFS573,KFS573,54,3239505891,P
KFS574,KFS574,54,3229901916,P
KFS575,KFS575,54,2671604827,P
KFS576,KFS576,54,3681205703,P
KFS577,KFS577,54,2792204561,P
KFS578,KFS578,54,4649606358,P
KFS579,KFS579,54,5420400165,P
KFS58,KFS58,54,1610003826,P
KFS580,KFS580,54,2814801804,P
KFS581,KFS581,54,2325208621,P
KFS582,KFS582,54,5210403288,P
KFS583,KFS583,54,1421900725,P
KFS584,KFS584,54,3166901050,P
KFS585,KFS585,54,3712704766,P
KFS586,KFS586,54,2709506479,P
KFS587,KFS587,54,1373503598,P
KFS588,KFS588,54,1893206735,P
KFS589,KFS589,54,1821805071,P
KFS59,KFS59,54,6126708165,P
KFS590,KFS590,54,4956605958,P
KFS591,KFS591,54,5452902895,P
KFS592,KFS592,54,4373500652,P
KFS593,KFS593,54,2664109901,P
KFS594,KFS594,54,1946205984,P
KFS595,KFS595,54,2773000082,P
KFS596,KFS596,54,5184906417,P
KFS597,KFS597,54,3445505002,P
KFS598,KFS598,54,3463501705,P
KFS599,KFS599,54,3645101596,P
KFS6,KFS6,54,2499408370,P
KFS60,KFS60,54,4052406505,P
KFS600,KFS600,54,4704600556,P
KFS601,KFS601,54,5622705948,P
KFS602,KFS602,54,3454106039,P
KFS603,KFS603,54,6259500614,P
KFS604,KFS604,54,2966509283,P
KFS605,KFS605,54,3597903619,P
KFS606,KFS606,54,2156007406,P
KFS607,KFS607,54,4222102340,P
KFS608,KFS608,54,5678308914,P
KFS609,KFS609,54,5969905212,P
KFS61,KFS61,54,5840806578,P
KFS610,KFS610,54,4329502868,P
KFS611,KFS611,54,3695405816,P
KFS612,KFS612,54,4089203889,P
KFS613,KFS613,54,1794704319,P
KFS614,KFS614,54,1241605004,P
KFS615,KFS615,54,5101601385,P
KFS616,KFS616,54,2090102017,P
KFS617,KFS617,54,2580002272,P
KFS618,KFS618,54,5576601733,P
KFS619,KFS619,54,5366808694,P
KFS62,KFS62,54,2997600421,P
KFS620,KFS620,54,3545207632,P
KFS621,KFS621,54,3102209996,P
KFS622,KFS622,54,4450801341,P
KFS623,KFS623,54,1612703479,P
KFS624,KFS624,54,5525505651,P
KFS625,KFS625,54,4464505705,P
KFS626,KFS626,54,1800105002,P
KFS627,KFS627,54,3344009440,P
KFS628,KFS628,54,4706809038,P
KFS629,KFS629,54,2891402154,P
KFS63,KFS63,54,2059604038,P
KFS630,KFS630,54,1106901514,P
KFS631,KFS631,54,2950605083,P
KFS632,KFS632,54,2735008733,P
KFS633,KFS633,54,4941302701,P
KFS634,KFS634,54,5546405401,P
KFS635,KFS635,54,1373005978,P
KFS636,KFS636,54,3417804797,P
KFS637,KFS637,54,5630801602,P
KFS638,KFS638,54,4406304317,P
KFS639,KFS639,54,2361100900,P
KFS64,KFS64,54,2396907870,P
KFS640,KFS640,54,1306305885,P
KFS641,KFS641,54,3687005124,P
KFS642,KFS642,54,3246604444,P
KFS643,KFS643,54,2660204297,P
KFS644,KFS644,54,1781003865,P
KFS645,KFS645,54,5563807567,P
KFS646,KFS646,54,1233208366,P
KFS647,KFS647,54,4968607063,P
KFS648,KFS648,54,4823004194,P
KFS649,KFS649,54,5714106800,P
KFS65,KFS65,54,2580507812,P
KFS650,KFS650,54,4468002387,P
KFS651,KFS651,54,1391703903,P
KFS652,KFS652,54,5004802845,P
KFS653,KFS653,54,3232007851,P
KFS654,KFS654,54,6162502038,P
KFS655,KFS655,54,2708207895,P
KFS656,KFS656,54,3909303174,P
KFS657,KFS657,54,5472506840,P
KFS658,KFS658,54,1607306341,P
KFS659,KFS659,54,4249202839,P
KFS66,KFS66,54,1877007651,P
KFS660,KFS660,54,6054309812,P
KFS661,KFS661,54,3940305045,P
KFS662,KFS662,54,1443505632,P
KFS663,KFS663,54,1736801902,P
KFS664,KFS664,54,3593407588,P
KFS665,KFS665,54,4464505768,P
KFS666,KFS666,54,2319606904,P
KFS667,KFS667,54,4226103092,P
KFS668,KFS668,54,2717708169,P
KFS669,KFS669,54,4440008197,P
KFS67,KFS67,54,4266401961,P
KFS670,KFS670,54,5752908620,P
KFS671,KFS671,54,5614708043,P
KFS672,KFS672,54,5151809337,P
KFS673,KFS673,54,4133402071,P
KFS674,KFS674,54,4496100083,P
KFS675,KFS675,54,6132403622,P
KFS676,KFS676,54,2615708929,P
KFS677,KFS677,54,2107408108,P
KFS678,KFS678,54,4744906489,P
KFS679,KFS679,54,3306705802,P
KFS68,KFS68,54,6276904397,P
KFS680,KFS680,54,1416100736,P
KFS681,KFS681,54,4242504968,P
KFS682,KFS682,54,2051003056,P
KFS683,KFS683,54,2160401493,P
KFS684,KFS684,54,2537809390,P
KFS685,KFS685,54,1555503680,P
KFS686,KFS686,54,3465301554,P
KFS687,KFS687,54,2596106833,P
KFS688,KFS688,54,4886008480,P
KFS689,KFS689,54,6221706714,P
KFS69,KFS69,54,4999002723,P
KFS690,KFS690,54,5186102229,P
KFS691,KFS691,54,2035402366,P
KFS692,KFS692,54,2932706840,P
KFS693,KFS693,54,3184309620,P
KFS694,KFS694,54,5877408321,P
KFS695,KFS695,54,2675503231,P
KFS696,KFS696,54,5918604591,P
KFS697,KFS697,54,6098801303,P
KFS698,KFS698,54,2343308403,P
KFS699,KFS699,54,3285900998,P
KFS7,KFS7,54,1309104027,P
KFS70,KFS70,54,5779506654,P
KFS700,KFS700,54,2918801999,P
KFS701,KFS701,54,2093401908,P
KFS702,KFS702,54,6291109390,P
KFS703,KFS703,54,5344900879,P
KFS704,KFS704,54,5171509918,P
KFS705,KFS705,54,3402005199,P
KFS706,KFS706,54,3236001621,P
KFS707,KFS707,54,2285105599,P
KFS708,KFS708,54,2501003115,P
KFS709,KFS709,54,5448802231,P
KFS71,KFS71,54,5402206934,P
KFS710,KFS710,54,2717804241,P
KFS711,KFS711,54,4025604325,P
KFS712,KFS712,54,5074403509,P
KFS713,KFS713,54,2615105455,P
KFS714,KFS714,54,1294109220,P
KFS715,KFS715,54,4797500314,P
KFS716,KFS716,54,1643905301,P
KFS717,KFS717,54,6080308182,P
KFS718,KFS718,54,3514105019,P
KFS719,KFS719,54,1226904798,P
KFS72,KFS72,54,3600407439,P
KFS720,KFS720,54,1732407799,P
KFS721,KFS721,54,1760600402,P
KFS722,KFS722,54,2868007063,P
KFS723,KFS723,54,1208408248,P
KFS724,KFS724,54,5335305005,P
KFS725,KFS725,54,5627305015,P
KFS726,KFS726,54,3173704814,P
KFS727,KFS727,54,5660204051,P
KFS728,KFS728,54,1429401698,P
KFS729,KFS729,54,4511501672,P
KFS73,KFS73,54,5421008748,P
KFS730,KFS730,54,6165100953,P
KFS731,KFS731,54,4124805803,P
KFS732,KFS732,54,3396200491,P
KFS733,KFS733,54,4825300095,P
KFS734,KFS734,54,5273000148,P
KFS735,KFS735,54,4323104089,P
KFS736,KFS736,54,1520300891,P
KFS737,KFS737,54,3826400961,P
KFS738,KFS738,54,1611308074,P
KFS739,KFS739,54,1274007182,P
KFS74,KFS74,54,2906405069,P
KFS740,KFS740,54,4642409981,P
KFS741,KFS741,54,2722306665,P
KFS742,KFS742,54,4071101475,P
KFS743,KFS743,54,3257204727,P
KFS744,KFS744,54,2047009140,P
KFS745,KFS745,54,1505600379,P
KFS746,KFS746,54,5400901960,P
KFS747,KFS747,54,3383108331,P
KFS748,KFS748,54,5822600575,P
KFS749,KFS749,54,5248201148,P
KFS75,KFS75,54,1466201279,P
KFS750,KFS750,54,2198202350,P
KFS751,KFS751,54,2766501199,P
KFS752,KFS752,54,2208900926,P
KFS753,KFS753,54,5468701656,P
KFS754,KFS754,54,4685602389,P
KFS755,KFS755,54,4277405545,P
KFS756,KFS756,54,5254708562,P
KFS757,KFS757,54,2788101156,P
KFS758,KFS758,54,1463703123,P
KFS759,KFS759,54,5309207209,P
KFS76,KFS76,54,4813308951,P
KFS760,KFS760,54,2117500270,P
KFS761,KFS761,54,2257903278,P
KFS762,KFS762,54,2600805164,P
KFS763,KFS763,54,5067806570,P
KFS764,KFS764,54,5801103380,P
KFS765,KFS765,54,5740007891,P
KFS766,KFS766,54,1525600953,P
KFS767,KFS767,54,3862706178,P
KFS768,KFS768,54,3749301116,P
KFS769,KFS769,54,3767304426,P
KFS77,KFS77,54,2595801199,P
KFS770,KFS770,54,4995109185,P
KFS771,KFS771,54,2253102501,P
KFS772,KFS772,54,5012508745,P
KFS773,KFS773,54,4521601311,P
KFS774,KFS774,54,5607503790,P
KFS775,KFS775,54,2625401275,P
KFS776,KFS776,54,3516904968,P
KFS777,KFS777,54,5876509454,P
KFS778,KFS778,54,2656601272,P
KFS779,KFS779,54,3027305567,P
KFS78,KFS78,54,5811904314,P
KFS785,KFS785,54,4720609668,P
KFS786,KFS786,54,4800204985,P
KFS787,KFS787,54,3409204973,P
KFS788,KFS788,54,5175504470,P
KFS789,KFS789,54,1659102154,P
KFS79,KFS79,54,4179703037,P
KFS790,KFS790,54,1531507338,P
KFS791,KFS791,54,2056202906,P
KFS792,KFS792,54,3236004643,P
KFS793,KFS793,54,1867204529,P
KFS794,KFS794,54,5412209968,P
KFS795,KFS795,54,4816704135,P
KFS796,KFS796,54,2251000129,P
KFS797,KFS797,54,3480207161,P
KFS798,KFS798,54,5951409987,P
KFS799,KFS799,54,1206006319,P
KFS8,KFS8,54,1959008511,P
KFS80,KFS80,54,2065607872,P
KFS800,KFS800,54,2820008053,P
KFS801,KFS801,54,1329701509,P
KFS802,KFS802,54,4507204997,P
KFS803,KFS803,54,2382401375,P
KFS804,KFS804,54,2311506822,P
KFS805,KFS805,54,1772009053,P
KFS807,KFS807,54,3501703237,P
KFS808,KFS808,54,4192500130,P
KFS809,KFS809,54,4244207032,P
KFS81,KFS81,54,1435601504,P
KFS810,KFS810,54,3552808023,P
KFS811,KFS811,54,3372102879,P
KFS812,KFS812,54,4445203670,P
KFS813,KFS813,54,2155107462,P
KFS815,KFS815,54,3302806400,P
KFS816,KFS816,54,4333007056,P
KFS817,KFS817,54,3428508900,P
KFS818,KFS818,54,5360707517,P
KFS819,KFS819,54,6139306823,P
KFS82,KFS82,54,3373403412,P
KFS820,KFS820,54,5025501749,P
KFS821,KFS821,54,5293405344,P
KFS827,KFS827,54,U000000004,P
KFS828,KFS828,54,I000000001,P
KFS829,KFS829,54,I000000002,P
KFS83,KFS83,54,3002005569,P
KFS830,KFS830,54,I000000003,P
KFS831,KFS831,54,I000000004,P
KFS832,KFS832,54,I000000005,P
KFS833,KFS833,54,I000000006,P
KFS834,KFS834,54,I000000007,P
KFS835,KFS835,54,I000000008,P
KFS836,KFS836,54,I000000009,P
KFS837,KFS837,54,I000000010,P
KFS838,KFS838,54,C000000001,P
KFS839,KFS839,54,C000000002,P
KFS84,KFS84,54,2479206997,P
KFS840,KFS840,54,C000000003,P
KFS841,KFS841,54,C000000004,P
KFS842,KFS842,54,C000000005,P
KFS843,KFS843,54,C000000006,P
KFS844,KFS844,54,C000000007,P
KFS845,KFS845,54,C000000008,P
KFS846,KFS846,54,C000000009,P
KFS847,KFS847,54,C000000010,P
KFS848,KFS848,54,D000000001,P
KFS849,KFS849,54,D000000002,P
KFS85,KFS85,54,5331903365,P
KFS850,KFS850,54,D000000003,P
KFS851,KFS851,54,D000000004,P
KFS852,KFS852,54,D000000005,P
KFS853,KFS853,54,D000000006,P
KFS854,KFS854,54,D000000007,P
KFS855,KFS855,54,D000000008,P
KFS856,KFS856,54,D000000009,P
KFS857,KFS857,54,D000000010,P
KFS858,KFS858,54,A000000001,P
KFS859,KFS859,54,A000000002,P
KFS86,KFS86,54,1950502955,P
KFS860,KFS860,54,A000000003,P
KFS861,KFS861,54,A000000004,P
KFS862,KFS862,54,A000000005,P
KFS863,KFS863,54,A000000006,P
KFS864,KFS864,54,A000000007,P
KFS865,KFS865,54,A000000008,P
KFS866,KFS866,54,A000000009,P
KFS867,KFS867,54,A000000010,P
KFS868,KFS868,54,M000000001,P
KFS869,KFS869,54,M000000002,P
KFS87,KFS87,54,5694307882,P
KFS870,KFS870,54,M000000003,P
KFS871,KFS871,54,M000000004,P
KFS872,KFS872,54,M000000005,P
KFS873,KFS873,54,M000000006,P
KFS874,KFS874,54,M000000007,P
KFS875,KFS875,54,M000000008,P
KFS876,KFS876,54,M000000009,P
KFS877,KFS877,54,M000000010,P
KFS878,KFS878,54,U000000001,P
KFS879,KFS879,54,U000000002,P
KFS88,KFS88,54,4542806317,P
KFS880,KFS880,54,U000000003,P
KFS881,KFS881,54,U000000005,P
KFS882,KFS882,54,U000000006,P
KFS883,KFS883,54,U000000007,P
KFS884,KFS884,54,U000000008,P
KFS885,KFS885,54,U000000009,P
KFS886,KFS886,54,U000000010,P
KFS887,KFS887,54,H000000001,P
KFS888,KFS888,54,H000000002,P
KFS889,KFS889,54,H000000003,P
KFS89,KFS89,54,5089905442,P
KFS890,KFS890,54,H000000004,P
KFS891,KFS891,54,H000000005,P
KFS892,KFS892,54,H000000006,P
KFS893,KFS893,54,H000000007,P
KFS894,KFS894,54,H000000008,P
KFS895,KFS895,54,H000000009,P
KFS896,KFS896,54,H000000010,P
KFS898,KFS898,54,3898405507,P
KFS899,KFS899,54,1509103107,P
KFS9,KFS9,54,6219408423,P
KFS90,KFS90,54,4161901639,P
KFS900,KFS900,54,4818506871,P
KFS901,KFS901,54,4818506871,P
KFS902,KFS902,54,2130202257,P
KFS903,KFS903,54,5424404553,P
KFS91,KFS91,54,2659604340,P
KFS92,KFS92,54,1271001025,P
KFS93,KFS93,54,1659405606,P
KFS94,KFS94,54,5755900139,P
KFS95,KFS95,54,2591702869,P
KFS96,KFS96,54,1239102444,P
KFS97,KFS97,54,3639507871,P
KFS98,KFS98,54,1364506195,P
KFS99,KFS99,54,2642509031,P
KFS1178,KFS1178,55,6276904397,P
KFS1278,KFS1278,56,5752908620,P
KFS1279,KFS1279,56,5614708043,P
KFS1280,KFS1280,56,5151809337,P
KFS904,KFS904,6,A000000001,P
KFS905,KFS905,6,A000000002,P
KFS906,KFS906,6,A000000003,P
KFS907,KFS907,6,A000000004,P
KFS908,KFS908,6,A000000005,P
KFS909,KFS909,6,A000000005,P
KFS910,KFS910,6,A000000005,P
KFS1281,KFS1281,62,2,P
KFS1169,KFS1169,65,3949401795,P
KFS1693,KFS1693,68,2059604038,P
KFS1694,KFS1694,68,2620008671,P
KFS1695,KFS1695,68,3682507451,P
KFS1696,KFS1696,68,4329502868,P
KFS1699,KFS1699,68,1249702947,P
KFS1700,KFS1700,68,2100108872,P
KFS1701,KFS1701,68,6098801303,P
KFS1285,KFS1285,7,2422606713,P
KFS1286,KFS1286,7,5759504722,P
KFS1287,KFS1287,7,2210608902,P
KFS1288,KFS1288,7,3075402167,P
KFS1662,KFS1662,76,1416100736,P
KFS1663,KFS1663,76,4576403588,P
KFS1664,KFS1664,76,5187400048,P
KFS1665,KFS1665,76,4986309372,P
KFS1666,KFS1666,76,4189006519,P
KFS1667,KFS1667,76,5917508140,P
KFS1668,KFS1668,76,5390502344,P
KFS1669,KFS1669,76,1394308640,P
KFS1702,KFS1702,79,2906405069,P
KFS1293,KFS1293,8,1668303757,P
KFS1294,KFS1294,8,3082302550,P
KFS1295,KFS1295,8,4657500196,P
KFS1612,KFS1612,81,2595801199,P
KFS1613,KFS1613,81,2566903942,P
KFS1614,KFS1614,81,1184605262,P
KFS1615,KFS1615,81,1271304676,P
KFS1616,KFS1616,81,3153306089,P
KFS1617,KFS1617,81,3712704766,P
KFS1618,KFS1618,81,1106901514,P
KFS1619,KFS1619,81,1529707192,P
KFS1620,KFS1620,81,5331201785,P
KFS1621,KFS1621,81,2620008671,P
KFS1622,KFS1622,81,3879106523,P
KFS1623,KFS1623,81,1271001025,P
KFS1624,KFS1624,81,3736906932,P
KFS1625,KFS1625,81,4075208273,P
KFS1626,KFS1626,81,5598104606,P
KFS1627,KFS1627,81,1373503598,P
KFS1628,KFS1628,81,4445203670,P
KFS1629,KFS1629,81,3445505002,P
KFS1630,KFS1630,81,1701207121,P
KFS1631,KFS1631,81,1373005978,P
KFS1632,KFS1632,81,1373005978,P
KFS1633,KFS1633,81,4431400488,P
KFS1634,KFS1634,81,1309104027,P
KFS1635,KFS1635,81,5412209968,P
KFS1636,KFS1636,81,4333007056,P
KFS1637,KFS1637,81,2168808105,P
KFS1638,KFS1638,81,3949401795,P
KFS1641,KFS1641,81,3608607904,P
KFS1642,KFS1642,81,2906405069,P
KFS1643,KFS1643,81,3898405507,P
KFS1644,KFS1644,81,1183109030,P
KFS1645,KFS1645,81,4161901639,P
KFS1646,KFS1646,81,1545104915,P
KFS1647,KFS1647,81,4052406505,P
KFS1648,KFS1648,81,3344600883,P
KFS1649,KFS1649,81,4336803918,P
KFS1650,KFS1650,81,5729300245,P
KFS1651,KFS1651,81,3264700400,P
KFS1652,KFS1652,81,5331903365,P
KFS1653,KFS1653,81,6276904397,P
KFS1654,KFS1654,81,1308508136,P
KFSMI6886-ROLE-P1,KFSMI6886-ROLE-P1,KFSMI6886-ROLE,1402703961,P
KFSMI6886-ROLE-P2,KFSMI6886-ROLE-P2,KFSMI6886-ROLE,1325700900,P
KFS10268,KFS-TEM-ROLE-MBR-002,KFS10262,6162502038,P
KFS10269,KFS-TEM-ROLE-MBR-003,KFS10263,6162502038,P
KFS10270,KFS-TEM-ROLE-MBR-005,KFS10255,2599004561,P
KFS10271,KFS-TEM-ROLE-MBR-006,KFS10257,1860205280,P
KFS10272,KFS-TEM-ROLE-MBR-008,KFS10258,1325700900,P
KFS10273,KFS-TEM-ROLE-MBR-009,KFS10261,1271001025,P
KFS10274,KFS-TEM-ROLE-MBR-010,KFS10264,A000000008,P
KFS10275,KFS-TEM-ROLE-MBR-011,KFS10265,A000000005,P
KFS10276,KFS-TEM-ROLE-MBR-012,KFS10268,3002005569,P
KFS10277,KFS-TEM-ROLE-MBR-015,KFS10266,A000000005,P
KFS10278,KFS-TEM-ROLE-MBR-016,KFS10266,5472506840,P
KFS10279,KFS-TEM-ROLE-MBR-017,KFS10266,2905401709,P
KFS10280,KFS-TEM-ROLE-MBR-018,KFS10266,4161901639,P
KFS10281,KFS-TEM-ROLE-MBR-019,KFS10266,4052406505,P
KFS10433,KFS-TEM-ROLE-MBR-020,51,6162502038,P
KFS10434,KFS-TEM-ROLE-MBR-021,54,1817304397,P
KFS10693,KFS-TEM-ROLE-MBR-022,KFS10686,4445203670,P
KFS10702,KFS-TEM-ROLE-MBR-023,KFS10256,2557302698,P
KFS10795,KFS-TEM-ROLE-MBR-024,KFS10712,6162502038,P
KFS1709,KFS1709,40,1210908400,P
KFS1710,KFS1710,54,1210908400,P
KFS1711,KFS1711,40,2552202601,P
KFS1712,KFS1712,KFS10905,1713307115,P
KFS1713,KFS1713,KFS10905,1793008100,P
KFS1714,KFS1714,KFS10905,2396907870,P
KFS1715,KFS1715,KFS10905,2827008884,P
KFS1716,KFS1716,KFS10905,2932706840,P
KFS1717,KFS1717,KFS10905,3421900658,P
KFS1718,KFS1718,KFS10905,5691404828,P
KFS1719,KFS1719,KFS10905,5740007891,P
KFS1720,KFS1720,30,3670600494,P
KFS1721,KFS1721,54,1713307115,P
