"PRNCPL_ID","OBJ_ID","PRNCPL_NM","ENTITY_ID","ACTV_IND"
"1106901514","KFS1106901514","asneed","KFS3737","Y"
"1110101123","KFS1110101123","dharden","KFS3007","Y"
"1110208926","KFS1110208926","bgranvil","KFS3283","Y"
"1110902378","KFS1110902378","dbaer","KFS2783","Y"
"1119909078","KFS1119909078","theodore","KFS2734","Y"
"1122304097","KFS1122304097","racreame","KFS3504","Y"
"1122607230","KFS1122607230","jabeaton","KFS3944","Y"
"1129107497","KFS1129107497","tabojorq","KFS3769","Y"
"1133303624","KFS1133303624","rasutter","KFS3576","Y"
"1135201202","KFS1135201202","anemery","KFS1337","Y"
"1137304513","KFS1137304513","ehillard","KFS3591","Y"
"1143902789","KFS1143902789","istanfie","KFS3050","Y"
"1153304576","KFS1153304576","fharr","KFS3254","Y"
"1164809566","KFS1164809566","rahadfie","KFS3384","Y"
"1170706400","KFS1170706400","hahagans","KFS3546","Y"
"1183109030","KFS1183109030","aafarthi","KFS2947","Y"
"1184605262","KFS1184605262","tapeele","KFS2926","Y"
"1189109800","KFS1189109800","camcswee","KFS3651","Y"
"1189909114","KFS1189909114","ikonrad","KFS3202","Y"
"1190207952","KFS1190207952","nmendiol","KFS3824","Y"
"1197209582","KFS1197209582","degroot","KFS1455","Y"
"1198203164","KFS1198203164","ireland","KFS1453","Y"
"1200708313","KFS1200708313","rbcolang","KFS3561","Y"
"1202108464","KFS1202108464","rolunt","KFS2204","Y"
"1203608260","KFS1203608260","rbpaulin","KFS1002","Y"
"1204808831","KFS1204808831","abhafner","KFS1094","Y"
"1206006319","KFS1206006319","sbgerman","KFS4003","Y"
"1208309261","KFS1208309261","bborja","KFS3632","Y"
"1208408248","KFS1208408248","vrude","KFS3882","Y"
"1209204593","KFS1209204593","sbmoorma","KFS2824","Y"
"1210506984","KFS1210506984","mbbolano","KFS3106","Y"
"1210908400","KFS1210908400","ddisney","KFS3934","Y"
"1223106803","KFS1223106803","leflore","KFS1101","Y"
"1224201162","KFS1224201162","tbblue","KFS3374","Y"
"1224705693","KFS1224705693","jquesada","KFS3316","Y"
"1226406048","KFS1226406048","wbouldin","KFS2616","Y"
"1226904798","KFS1226904798","ablabont","KFS3877","Y"
"1229409497","KFS1229409497","tbswanne","KFS3168","Y"
"1233208366","KFS1233208366","obmckown","KFS3763","Y"
"1239102444","KFS1239102444","lpederso","KFS2914","Y"
"1241605004","KFS1241605004","lbflick","KFS3718","Y"
"1246104058","KFS1246104058","cbbeaure","KFS3340","Y"
"1246806746","KFS1246806746","mmatherl","KFS3795","Y"
"1248203895","KFS1248203895","bleighto","KFS1599","Y"
"1249702947","KFS1249702947","mbshorte","KFS1006","Y"
"1250802481","KFS1250802481","mswitzer","KFS3140","Y"
"1255308159","KFS1255308159","jswaney","KFS3375","Y"
"1257009999","KFS1257009999","bburruss","KFS3189","Y"
"1257605304","KFS1257605304","vbmaddux","KFS3236","Y"
"1259209800","KFS1259209800","smcsween","KFS3614","Y"
"1271001025","KFS1271001025","acrowe","KFS2907","Y"
"1271005561","KFS1271005561","abbagby","KFS3853","Y"
"1271304676","KFS1271304676","wbrazil","KFS3122","Y"
"1273305787","KFS1273305787","tgrigg","KFS3013","Y"
"1274007182","KFS1274007182","dbschlue","KFS3904","Y"
"1275504380","KFS1275504380","bbsimone","KFS2073","Y"
"1288107367","KFS1288107367","bbshankl","KFS1014","Y"
"1289603908","KFS1289603908","dbweed","KFS3597","Y"
"1290503526","KFS1290503526","fnunes","KFS2945","Y"
"1290807742","KFS1290807742","smarrufo","KFS3915","Y"
"1294109220","KFS1294109220","lblechne","KFS3868","Y"
"1297209262","KFS1297209262","hbbigley","KFS3612","Y"
"1298309000","KFS1298309000","hnichol","KFS3104","Y"
"1298803604","KFS1298803604","dbdesant","KFS3611","Y"
"1302403183","KFS1302403183","reich","KFS1515","Y"
"1304408857","KFS1304408857","hbogard","KFS3198","Y"
"1305309367","KFS1305309367","jaube","KFS3957","Y"
"1305500732","KFS1305500732","jpenning","KFS3983","Y"
"1306305885","KFS1306305885","lcbreton","KFS3754","Y"
"1306901621","KFS1306901621","acegan","KFS3603","Y"
"1308508136","KFS1308508136","hagood","KFS2797","Y"
"1309104027","KFS1309104027","feeney","KFS2693","Y"
"1312601202","KFS1312601202","kcemery","KFS3298","Y"
"1325700900","KFS1325700900","dcote","KFS3355","Y"
"1326309202","KFS1326309202","pagel","KFS2920","Y"
"1326409751","KFS1326409751","wadamski","KFS2815","Y"
"1329201709","KFS1329201709","scatwood","KFS3940","Y"
"1329701509","KFS1329701509","tcgabrie","KFS4008","Y"
"1335003222","KFS1335003222","jkitchen","KFS2965","Y"
"1340401175","KFS1340401175","scgorman","KFS3465","Y"
"1362801241","KFS1362801241","crockett","KFS1091","Y"
"1364506195","KFS1364506195","rcwhitte","KFS2917","Y"
"1365502400","KFS1365502400","toldham","KFS3268","Y"
"1369907980","KFS1369907980","mgaspard","KFS3032","Y"
"1370604405","KFS1370604405","nbarden","KFS3272","Y"
"1373005978","KFS1373005978","hsoucy","KFS3743","Y"
"1373503598","KFS1373503598","hoates","KFS3679","Y"
"1377209588","KFS1377209588","clinksca","KFS2762","Y"
"1381802688","KFS1381802688","mitalber","KFS3154","Y"
"1386607996","KFS1386607996","eccann","KFS3449","Y"
"1391306877","KFS1391306877","jccrim","KFS3616","Y"
"1391703903","KFS1391703903","jccranfo","KFS3773","Y"
"1391709836","KFS1391709836","jcgasawa","KFS3024","Y"
"1394308640","KFS1394308640","ccjeanlo","KFS3585","Y"
"1395608638","KFS1395608638","dkeesee","KFS3319","Y"
"1396502519","KFS1396502519","acbaugh","KFS3035","Y"
"1399906687","KFS1399906687","jcmcphee","KFS3228","Y"
"1401601855","KFS1401601855","gyazzie","KFS3179","Y"
"1402703961","KFS1402703961","ahrens","KFS2388","Y"
"1407101459","KFS1407101459","fpelleti","KFS3296","Y"
"1409801740","KFS1409801740","edsteine","KFS3563","Y"
"1409904240","KFS1409904240","jdpfeife","KFS3170","Y"
"1416100736","KFS1416100736","tkoch","KFS3816","Y"
"1417202799","KFS1417202799","gdduggan","KFS3777","Y"
"1421900725","KFS1421900725","bdashley","KFS3675","Y"
"1423005543","KFS1423005543","henshaw","KFS2235","Y"
"1423508220","KFS1423508220","jdboldt","KFS3982","Y"
"1429401698","KFS1429401698","tdweir","KFS3890","Y"
"1429707627","KFS1429707627","tdblackm","KFS3305","Y"
"1435600603","KFS1435600603","rhess","KFS3783","Y"
"1435601504","KFS1435601504","rplatt","KFS2887","Y"
"1438202062","KFS1438202062","bdbenedi","KFS2621","Y"
"1443505632","KFS1443505632","adbrunel","KFS3789","Y"
"1445401166","KFS1445401166","erubio","KFS2837","Y"
"1452907448","KFS1452907448","thaxton","KFS2138","Y"
"1461200273","KFS1461200273","clowe","KFS3542","Y"
"1462106196","KFS1462106196","dwarring","KFS2888","Y"
"1463703123","KFS1463703123","gdmassie","KFS3932","Y"
"1463708773","KFS1463708773","gdwolfen","KFS3446","Y"
"1466201279","KFS1466201279","jdweston","KFS2876","Y"
"1469805442","KFS1469805442","ikite","KFS2937","Y"
"1481405715","KFS1481405715","burwell","KFS2829","Y"
"1486601605","KFS1486601605","edlink","KFS3714","Y"
"1494004993","KFS1494004993","mlunn","KFS3239","Y"
"1499309452","KFS1499309452","bfey","KFS3132","Y"
"1504703229","KFS1504703229","cburnsid","KFS3102","Y"
"1505600379","KFS1505600379","jerowe","KFS3913","Y"
"1506406723","KFS1506406723","nwigfall","KFS3388","Y"
"1507307306","KFS1507307306","berisner","KFS1315","Y"
"1509103107","KFS1509103107","aemcafee","KFS1012","Y"
"1513707924","KFS1513707924","rearbuck","KFS3453","Y"
"1514106516","KFS1514106516","sharma","KFS1078","Y"
"1516301766","KFS1516301766","deeasley","KFS3503","Y"
"1516709007","KFS1516709007","felingo","KFS3433","Y"
"1516803729","KFS1516803729","sturgill","KFS2800","Y"
"1520300891","KFS1520300891","revalenz","KFS3900","Y"
"1522307114","KFS1522307114","rtye","KFS3949","Y"
"1523400530","KFS1523400530","noconnor","KFS3979","Y"
"1525600953","KFS1525600953","dekirkla","KFS3952","Y"
"1526100787","KFS1526100787","cantu","KFS1334","Y"
"1529707192","KFS1529707192","tmedelli","KFS3509","Y"
"1531507338","KFS1531507338","degarret","KFS3993","Y"
"1533606607","KFS1533606607","ccozart","KFS3439","Y"
"1538407407","KFS1538407407","sehafer","KFS3207","Y"
"1539805280","KFS1539805280","recoffee","KFS2567","Y"
"1541203472","KFS1541203472","wwentwor","KFS3052","Y"
"1542907750","KFS1542907750","jahnke","KFS2629","Y"
"1545104915","KFS1545104915","abarring","KFS2943","Y"
"1548905190","KFS1548905190","jlarrabe","KFS3330","Y"
"1550800182","KFS1550800182","lane","KFS1232","Y"
"1555503680","KFS1555503680","eeschwei","KFS3821","Y"
"1556602834","KFS1556602834","dealicea","KFS3829","Y"
"1565601803","KFS1565601803","senava","KFS3000","Y"
"1567300664","KFS1567300664","sellison","KFS3430","Y"
"1569401609","KFS1569401609","peacock","KFS2376","Y"
"1572208606","KFS1572208606","walcott","KFS1107","Y"
"1581207819","KFS1581207819","rmangan","KFS2936","Y"
"1583009370","KFS1583009370","aeabad","KFS3071","Y"
"1586001806","KFS1586001806","bhoneycu","KFS2844","Y"
"1586809641","KFS1586809641","robeson","KFS2578","Y"
"1587202030","KFS1587202030","remalloy","KFS3490","Y"
"1591904250","KFS1591904250","cgoebel","KFS2984","Y"
"1594308264","KFS1594308264","cenicely","KFS3639","Y"
"1595003228","KFS1595003228","hcalkins","KFS3314","Y"
"1601505971","KFS1601505971","dfalbert","KFS3336","Y"
"1603607198","KFS1603607198","rlamoure","KFS3571","Y"
"1604403450","KFS1604403450","hffinche","KFS2780","Y"
"1604603002","KFS1604603002","westfall","KFS1013","Y"
"1604806887","KFS1604806887","afwasser","KFS2857","Y"
"1607306341","KFS1607306341","bfreber","KFS3782","Y"
"1610003826","KFS1610003826","akunkel","KFS2849","Y"
"1611308074","KFS1611308074","ncarner","KFS3903","Y"
"1612700914","KFS1612700914","ffrosale","KFS3745","Y"
"1612703479","KFS1612703479","fricci","KFS3728","Y"
"1617103986","KFS1617103986","wftom","KFS3204","Y"
"1618507225","KFS1618507225","vbrooke","KFS3608","Y"
"1623901088","KFS1623901088","claw","KFS3368","Y"
"1624505499","KFS1624505499","lfalcone","KFS3481","Y"
"1625704209","KFS1625704209","dbinkley","KFS3217","Y"
"1632009201","KFS1632009201","lfpasley","KFS3627","Y"
"1634605169","KFS1634605169","kbotello","KFS3584","Y"
"1638600687","KFS1638600687","mchang","KFS2826","Y"
"1640704968","KFS1640704968","ihargett","KFS3373","Y"
"1641209639","KFS1641209639","wfrosenb","KFS3401","Y"
"1643905301","KFS1643905301","imiracle","KFS3871","Y"
"1645207081","KFS1645207081","efley","KFS2582","Y"
"1645403294","KFS1645403294","efostran","KFS3507","Y"
"1651505232","KFS1651505232","haddock","KFS1108","Y"
"1658401295","KFS1658401295","aflowry","KFS3799","Y"
"1659102154","KFS1659102154","aaviles","KFS3991","Y"
"1659405606","KFS1659405606","nolinger","KFS2909","Y"
"1662000685","KFS1662000685","jfvelasq","KFS2781","Y"
"1665808937","KFS1665808937","fang","KFS1077","Y"
"1668303757","KFS1668303757","dfbrent","KFS3108","Y"
"1674805643","KFS1674805643","bsummer","KFS2929","Y"
"1680308253","KFS1680308253","droemer","KFS2991","Y"
"1682403759","KFS1682403759","albatten","KFS3813","Y"
"1683304591","KFS1683304591","luschrei","KFS3499","Y"
"1689406108","KFS1689406108","oroof","KFS3589","Y"
"1693204528","KFS1693204528","jingraha","KFS2658","Y"
"1695804716","KFS1695804716","opender","KFS3828","Y"
"1700701530","KFS1700701530","rglay","KFS3172","Y"
"1701107778","KFS1701107778","cgbashaw","KFS2990","Y"
"1701207121","KFS1701207121","dstanfil","KFS3041","Y"
"1705103394","KFS1705103394","jodaniel","KFS1068","Y"
"1713307115","KFS1713307115","toner","KFS2761","Y"
"1715400568","KFS1715400568","tgmosley","KFS3018","Y"
"1715703441","KFS1715703441","jogrigsb","KFS3646","Y"
"1717008596","KFS1717008596","tbayles","KFS3099","Y"
"1719509014","KFS1719509014","bkorte","KFS2948","Y"
"1729700072","KFS1729700072","twatson","KFS2817","Y"
"1730300231","KFS1730300231","fjacobs","KFS3426","Y"
"1731109684","KFS1731109684","jhoekstr","KFS3501","Y"
"1732407799","KFS1732407799","kgriffe","KFS3878","Y"
"1736503440","KFS1736503440","pwhitesi","KFS3660","Y"
"1736801902","KFS1736801902","gesposit","KFS3790","Y"
"1739701101","KFS1739701101","kggodfre","KFS3390","Y"
"1741404211","KFS1741404211","weis","KFS1057","Y"
"1742302068","KFS1742302068","efaust","KFS2872","Y"
"1743101782","KFS1743101782","dstaples","KFS3472","Y"
"1747705005","KFS1747705005","edmunds","KFS1137","Y"
"1756202191","KFS1756202191","qmedley","KFS1087","Y"
"1758506777","KFS1758506777","gwestove","KFS3144","Y"
"1760600402","KFS1760600402","dgquinn","KFS3879","Y"
"1769006523","KFS1769006523","dringer","KFS2799","Y"
"1770301008","KFS1770301008","cgcowan","KFS3792","Y"
"1771605842","KFS1771605842","tgalders","KFS2903","Y"
"1772009053","KFS1772009053","fbrimmer","KFS4015","Y"
"1772205236","KFS1772205236","kgcaruth","KFS3842","Y"
"1777902237","KFS1777902237","hgcanale","KFS3413","Y"
"1778407739","KFS1778407739","gamcgann","KFS3359","Y"
"1781003865","KFS1781003865","warriaga","KFS3760","Y"
"1781104312","KFS1781104312","rgforet","KFS3002","Y"
"1793008100","KFS1793008100","agsistru","KFS3550","Y"
"1794704319","KFS1794704319","karchie","KFS3716","Y"
"1800105002","KFS1800105002","jharrels","KFS3733","Y"
"1805206486","KFS1805206486","jholifie","KFS3289","Y"
"1805600524","KFS1805600524","wolf","KFS2224","Y"
"1811109385","KFS1811109385","rtasker","KFS3610","Y"
"1815201705","KFS1815201705","jdugan","KFS3348","Y"
"1815208190","KFS1815208190","houlihan","KFS1001","Y"
"1816003921","KFS1816003921","lhwild","KFS4017","Y"
"1817304397","KFS1817304397","dheagle","KFS3698","Y"
"1821805071","KFS1821805071","eharmend","KFS3681","Y"
"1825000680","KFS1825000680","sexton","KFS3248","Y"
"1825401133","KFS1825401133","hhbolden","KFS3194","Y"
"1851407732","KFS1851407732","lraab","KFS3080","Y"
"1858404165","KFS1858404165","awalston","KFS3349","Y"
"1860205280","KFS1860205280","bcoffee","KFS3304","Y"
"1860501124","KFS1860501124","khcrabtr","KFS1016","Y"
"1860703812","KFS1860703812","mhkozlow","KFS3067","Y"
"1862105446","KFS1862105446","dhhicker","KFS3447","Y"
"1867204529","KFS1867204529","mhhiller","KFS3996","Y"
"1867601981","KFS1867601981","ehsheare","KFS3547","Y"
"1870105802","KFS1870105802","bsuzuki","KFS3256","Y"
"1872708343","KFS1872708343","cswinson","KFS3129","Y"
"1873802777","KFS1873802777","voglesby","KFS3048","Y"
"1877007651","KFS1877007651","renshaw","KFS2865","Y"
"1879003958","KFS1879003958","ahdurden","KFS3463","Y"
"1881202850","KFS1881202850","rhharbin","KFS3630","Y"
"1890604607","KFS1890604607","rhfoltz","KFS3315","Y"
"1890805655","KFS1890805655","sowings","KFS2923","Y"
"1893206735","KFS1893206735","jpelleri","KFS3680","Y"
"1893804727","KFS1893804727","pforest","KFS3066","Y"
"1896903531","KFS1896903531","thhiggs","KFS3438","Y"
"1897800967","KFS1897800967","dhfranks","KFS3397","Y"
"1908806212","KFS1908806212","mcdavid","KFS1115","Y"
"1913409136","KFS1913409136","efiscus","KFS3233","Y"
"1913605143","KFS1913605143","eispille","KFS3346","Y"
"1917101392","KFS1917101392","wraines","KFS3287","Y"
"1927601081","KFS1927601081","moser","KFS2825","Y"
"1936702499","KFS1936702499","gokeefe","KFS2996","Y"
"1940602451","KFS1940602451","cischaef","KFS3407","Y"
"1946205984","KFS1946205984","lileath","KFS3688","Y"
"1950502955","KFS1950502955","tsaavedr","KFS2898","Y"
"1951202859","KFS1951202859","eireynos","KFS3967","Y"
"1956702925","KFS1956702925","aichow","KFS3884","Y"
"1959008511","KFS1959008511","ahlers","KFS2743","Y"
"1963107144","KFS1963107144","rlanda","KFS3343","Y"
"1969307398","KFS1969307398","clamp","KFS3558","Y"
"1975509930","KFS1975509930","bmodica","KFS2946","Y"
"1976402563","KFS1976402563","eilawton","KFS2492","Y"
"1977504222","KFS1977504222","tination","KFS3031","Y"
"1982103476","KFS1982103476","risaucie","KFS3781","Y"
"1982906442","KFS1982906442","bfederic","KFS3477","Y"
"1985208153","KFS1985208153","mwines","KFS3470","Y"
"1988505427","KFS1988505427","awestcot","KFS3831","Y"
"1988805632","KFS1988805632","brunelle","KFS1036","Y"
"1991802088","KFS1991802088","divarela","KFS2908","Y"
"1996305599","KFS1996305599","tithurmo","KFS3864","Y"
"1997403090","KFS1997403090","mbillups","KFS3082","Y"
"1998203566","KFS1998203566","rstiltne","KFS2954","Y"
"1999401495","KFS1999401495","qmarin","KFS1744","Y"
"2003405744","KFS2003405744","sjgott","KFS3833","Y"
"2007308722","KFS2007308722","bkrouse","KFS3350","Y"
"2007901595","KFS2007901595","hlackey","KFS3459","Y"
"2015800662","KFS2015800662","rjweiss","KFS4026","Y"
"2017509094","KFS2017509094","jquacken","KFS3130","Y"
"2030404991","KFS2030404991","ajpedigo","KFS1601","Y"
"2035402366","KFS2035402366","jjojeda","KFS3835","Y"
"2037407017","KFS2037407017","dkean","KFS3077","Y"
"2039604860","KFS2039604860","sjvillag","KFS3143","Y"
"2040308140","KFS2040308140","ljgarry","KFS3484","Y"
"2042307164","KFS2042307164","econwell","KFS2874","Y"
"2044004167","KFS2044004167","csipes","KFS3285","Y"
"2047009140","KFS2047009140","aeanes","KFS3912","Y"
"2051003056","KFS2051003056","tbrito","KFS3818","Y"
"2056202906","KFS2056202906","qthao","KFS3994","Y"
"2057006123","KFS2057006123","bhollifi","KFS2971","Y"
"2059604038","KFS2059604038","wjwitte","KFS2860","Y"
"2063705233","KFS2063705233","gducharm","KFS3178","Y"
"2065607872","KFS2065607872","sshaughn","KFS2886","Y"
"2067406910","KFS2067406910","vlaroche","KFS2843","Y"
"2079200881","KFS2079200881","hberger","KFS2980","Y"
"2079403368","KFS2079403368","gposton","KFS3419","Y"
"2079504577","KFS2079504577","ggaray","KFS1545","Y"
"2079807479","KFS2079807479","rjkobaya","KFS3502","Y"
"2090102017","KFS2090102017","tjnunn","KFS3721","Y"
"2093401908","KFS2093401908","tjkeenan","KFS3847","Y"
"2098609156","KFS2098609156","rbrannen","KFS3257","Y"
"2100108872","KFS2100108872","jtrueblo","KFS3103","Y"
"2107408108","KFS2107408108","striccia","KFS3812","Y"
"2112807392","KFS2112807392","bmcalpin","KFS3619","Y"
"2117500270","KFS2117500270","jkcurtis","KFS3937","Y"
"2122306680","KFS2122306680","rkrhone","KFS3690","Y"
"2123906967","KFS2123906967","cgillam","KFS3011","Y"
"2125805710","KFS2125805710","akfix","KFS3098","Y"
"2129506255","KFS2129506255","rerumsey","KFS2782","Y"
"2130202257","KFS2130202257","skgant","KFS3136","Y"
"2133704704","KFS2133704704","appleton","KFS2774","Y"
"2141500632","KFS2141500632","mkbooker","KFS3980","Y"
"2142103403","KFS2142103403","mkcuster","KFS3093","Y"
"2151305938","KFS2151305938","sreams","KFS3297","Y"
"2151904169","KFS2151904169","mrawlins","KFS2595","Y"
"2153800157","KFS2153800157","rose","KFS2796","Y"
"2155107462","KFS2155107462","apfister","KFS4025","Y"
"2156007406","KFS2156007406","ekhallid","KFS3707","Y"
"2158407946","KFS2158407946","akpisano","KFS3948","Y"
"2159401306","KFS2159401306","nsingh","KFS3694","Y"
"2160401493","KFS2160401493","ekarella","KFS3819","Y"
"2160507403","KFS2160507403","kkherefo","KFS2018","Y"
"2164400022","KFS2164400022","rodrigue","KFS1079","Y"
"2165804985","KFS2165804985","nsoper","KFS3925","Y"
"2166904212","KFS2166904212","rverdin","KFS3747","Y"
"2168808105","KFS2168808105","rruffner","KFS3081","Y"
"2169500830","KFS2169500830","mbernard","KFS3524","Y"
"2171104510","KFS2171104510","lkmulkey","KFS2822","Y"
"2171806350","KFS2171806350","jloeffle","KFS3165","Y"
"2187909904","KFS2187909904","lkshifle","KFS3288","Y"
"2191200653","KFS2191200653","lmcclure","KFS3656","Y"
"2191506168","KFS2191506168","wklykins","KFS3138","Y"
"2198202350","KFS2198202350","rklombar","KFS3922","Y"
"2200400621","KFS2200400621","mcallaha","KFS3034","Y"
"2208900926","KFS2208900926","jlemerso","KFS3924","Y"
"2210506219","KFS2210506219","mllargen","KFS3466","Y"
"2210608902","KFS2210608902","smorell","KFS3083","Y"
"2210808811","KFS2210808811","mckamey","KFS2770","Y"
"2211304154","KFS2211304154","ngerald","KFS3998","Y"
"2216501154","KFS2216501154","dmanley","KFS3797","Y"
"2216800403","KFS2216800403","llblake","KFS3277","Y"
"2219604689","KFS2219604689","rkeyser","KFS3056","Y"
"2228105867","KFS2228105867","damanzan","KFS3961","Y"
"2228809634","KFS2228809634","klshenk","KFS3431","Y"
"2232000480","KFS2232000480","lboone","KFS3150","Y"
"2234900338","KFS2234900338","rlbaldwi","KFS3235","Y"
"2235508855","KFS2235508855","mbrochu","KFS2878","Y"
"2235508898","KFS2235508898","moloughl","KFS3332","Y"
"2237202707","KFS2237202707","abney","KFS4036","Y"
"2244704330","KFS2244704330","dmcgehee","KFS2978","Y"
"2247204558","KFS2247204558","mforster","KFS3182","Y"
"2250505415","KFS2250505415","tbyron","KFS2795","Y"
"2251000129","KFS2251000129","tlporter","KFS4000","Y"
"2253102501","KFS2253102501","pgannon","KFS3963","Y"
"2253805465","KFS2253805465","klbaran","KFS3622","Y"
"2254202107","KFS2254202107","clgrossm","KFS2951","Y"
"2256603317","KFS2256603317","dlcarl","KFS2848","Y"
"2257903278","KFS2257903278","joreddic","KFS3938","Y"
"2264204055","KFS2264204055","adcochra","KFS1138","Y"
"2266302958","KFS2266302958","elmchenr","KFS3049","Y"
"2275203572","KFS2275203572","aharter","KFS3486","Y"
"2283704736","KFS2283704736","swickham","KFS3593","Y"
"2285105599","KFS2285105599","rothurmo","KFS3858","Y"
"2286203328","KFS2286203328","graff","KFS2779","Y"
"2286701827","KFS2286701827","jlconnel","KFS3965","Y"
"2300300978","KFS2300300978","rmoneil","KFS1082","Y"
"2302909552","KFS2302909552","lmjarboe","KFS3308","Y"
"2307207334","KFS2307207334","wgrillo","KFS1525","Y"
"2307308417","KFS2307308417","biworces","KFS1102","Y"
"2308608509","KFS2308608509","emalpert","KFS3885","Y"
"2310609761","KFS2310609761","smvansco","KFS3227","Y"
"2311506822","KFS2311506822","mmdilley","KFS4014","Y"
"2314607060","KFS2314607060","mmstouff","KFS3615","Y"
"2314806121","KFS2314806121","tmkato","KFS1021","Y"
"2318004374","KFS2318004374","lmtotten","KFS3808","Y"
"2318605547","KFS2318605547","rmdurst","KFS3113","Y"
"2319606904","KFS2319606904","ramckim","KFS3794","Y"
"2321500336","KFS2321500336","dmcummin","KFS3409","Y"
"2325208621","KFS2325208621","gpartee","KFS3671","Y"
"2329509434","KFS2329509434","rkephart","KFS2928","Y"
"2330602960","KFS2330602960","lachance","KFS2834","Y"
"2331208456","KFS2331208456","melson","KFS1574","Y"
"2331903502","KFS2331903502","odevries","KFS1032","Y"
"2331909034","KFS2331909034","elgin","KFS1045","Y"
"2341000360","KFS2341000360","vega","KFS2810","Y"
"2343308403","KFS2343308403","emdaviss","KFS3843","Y"
"2355802016","KFS2355802016","mmcronin","KFS3852","Y"
"2361100900","KFS2361100900","tcote","KFS3752","Y"
"2361504918","KFS2361504918","jmschram","KFS3444","Y"
"2362105752","KFS2362105752","dmdever","KFS3520","Y"
"2363702481","KFS2363702481","switzer","KFS2821","Y"
"2366709421","KFS2366709421","mcmaster","KFS2230","Y"
"2367402565","KFS2367402565","vwhiting","KFS2957","Y"
"2368908934","KFS2368908934","jferree","KFS3962","Y"
"2371700399","KFS2371700399","flowers","KFS2818","Y"
"2379808946","KFS2379808946","rdonohoe","KFS3535","Y"
"2381600911","KFS2381600911","jbaird","KFS3061","Y"
"2382401375","KFS2382401375","asmiley","KFS4013","Y"
"2385706642","KFS2385706642","lkerley","KFS3273","Y"
"2390600602","KFS2390600602","hutchins","KFS1090","Y"
"2393306338","KFS2393306338","dspinell","KFS3933","Y"
"2396907870","KFS2396907870","sweitzer","KFS2862","Y"
"2405502709","KFS2405502709","jnrhoads","KFS3744","Y"
"2416008397","KFS2416008397","leshelma","KFS3195","Y"
"2420002064","KFS2420002064","ghamby","KFS3609","Y"
"2420700782","KFS2420700782","rnmcinty","KFS1023","Y"
"2422606713","KFS2422606713","jnbybee","KFS3043","Y"
"2422607714","KFS2422607714","jateasle","KFS2889","Y"
"2431808577","KFS2431808577","duggins","KFS1047","Y"
"2442402300","KFS2442402300","dliu","KFS4043","Y"
"2444607029","KFS2444607029","dnginsbe","KFS3094","Y"
"2450002411","KFS2450002411","emonahan","KFS3556","Y"
"2452000667","KFS2452000667","mwinters","KFS3601","Y"
"2456208743","KFS2456208743","qfeather","KFS2861","Y"
"2456303043","KFS2456303043","anclancy","KFS3654","Y"
"2459709799","KFS2459709799","nnmcwhir","KFS3387","Y"
"2462903583","KFS2462903583","rnroyste","KFS3311","Y"
"2466307862","KFS2466307862","enalsup","KFS3954","Y"
"2468607983","KFS2468607983","enfitzhu","KFS3483","Y"
"2470005487","KFS2470005487","djohnsto","KFS1433","Y"
"2470508447","KFS2470508447","bnober","KFS3379","Y"
"2473509501","KFS2473509501","hnsheehy","KFS3274","Y"
"2477306322","KFS2477306322","sneberle","KFS3105","Y"
"2479206997","KFS2479206997","hvalente","KFS2893","Y"
"2488308819","KFS2488308819","gleffler","KFS3511","Y"
"2492206714","KFS2492206714","obrockwa","KFS3562","Y"
"2493208285","KFS2493208285","jkaminsk","KFS3367","Y"
"2498300893","KFS2498300893","hnmayer","KFS3417","Y"
"2499408370","KFS2499408370","qlaux","KFS1884","Y"
"2501003115","KFS2501003115","tcharlto","KFS3860","Y"
"2513907599","KFS2513907599","rokowalc","KFS2839","Y"
"2514300297","KFS2514300297","morhodes","KFS3276","Y"
"2517107355","KFS2517107355","wbreault","KFS3467","Y"
"2528805211","KFS2528805211","kalmonte","KFS3530","Y"
"2529001055","KFS2529001055","mogregg","KFS3313","Y"
"2532408486","KFS2532408486","kfulbrig","KFS2961","Y"
"2537402233","KFS2537402233","donugent","KFS1005","Y"
"2537809390","KFS2537809390","coshambl","KFS3820","Y"
"2539200452","KFS2539200452","gopoole","KFS2776","Y"
"2544403609","KFS2544403609","fscherer","KFS3613","Y"
"2552202601","KFS2552202601","bisom","KFS3555","Y"
"2552809682","KFS2552809682","eohurlbu","KFS3393","Y"
"2553103572","KFS2553103572","pharter","KFS3620","Y"
"2553405475","KFS2553405475","eoschenc","KFS3488","Y"
"2557302698","KFS2557302698","wwren","KFS3266","Y"
"2558305577","KFS2558305577","domarlin","KFS3342","Y"
"2559901166","KFS2559901166","rorubio","KFS3476","Y"
"2563206771","KFS2563206771","mclyde","KFS3731","Y"
"2563307411","KFS2563307411","gfrances","KFS3633","Y"
"2564500627","KFS2564500627","rocarey","KFS3201","Y"
"2565902038","KFS2565902038","vhuntley","KFS2554","Y"
"2566404853","KFS2566404853","bgroff","KFS3410","Y"
"2566903942","KFS2566903942","rshrader","KFS3125","Y"
"2572007692","KFS2572007692","fcarley","KFS3981","Y"
"2578605950","KFS2578605950","marchant","KFS1231","Y"
"2580002272","KFS2580002272","locarrin","KFS3722","Y"
"2580507812","KFS2580507812","cmounts","KFS2863","Y"
"2585603740","KFS2585603740","mcbee","KFS2773","Y"
"2588101919","KFS2588101919","bbruner","KFS3631","Y"
"2588908364","KFS2588908364","anock","KFS2952","Y"
"2591309555","KFS2591309555","joholter","KFS2938","Y"
"2591702869","KFS2591702869","jojude","KFS2913","Y"
"2595106260","KFS2595106260","bomiddle","KFS3299","Y"
"2595801199","KFS2595801199","davila","KFS2880","Y"
"2596106833","KFS2596106833","jotingle","KFS3823","Y"
"2598709220","KFS2598709220","klechner","KFS3309","Y"
"2599004561","KFS2599004561","abays","KFS3391","Y"
"2600805164","KFS2600805164","cpgariba","KFS3939","Y"
"2604400361","KFS2604400361","hglover","KFS3525","Y"
"2615105455","KFS2615105455","ochaisso","KFS3867","Y"
"2615708929","KFS2615708929","jgerhart","KFS3809","Y"
"2617807722","KFS2617807722","dpshuck","KFS3866","Y"
"2620008671","KFS2620008671","gpbilly","KFS3216","Y"
"2625401275","KFS2625401275","hho","KFS3970","Y"
"2635407255","KFS2635407255","jppankey","KFS1309","Y"
"2639502574","KFS2639502574","dmackenz","KFS3586","Y"
"2642509031","KFS2642509031","gpfabriz","KFS2918","Y"
"2645800726","KFS2645800726","npsolis","KFS3055","Y"
"2649901983","KFS2649901983","jphanks","KFS3674","Y"
"2656601272","KFS2656601272","dpteague","KFS3973","Y"
"2659604340","KFS2659604340","wcorbitt","KFS2906","Y"
"2660204297","KFS2660204297","bptrudea","KFS3758","Y"
"2661408831","KFS2661408831","aphafner","KFS3746","Y"
"2663206846","KFS2663206846","mparmer","KFS3121","Y"
"2664109901","KFS2664109901","asine","KFS3687","Y"
"2664406482","KFS2664406482","lander","KFS2552","Y"
"2670801721","KFS2670801721","sthorne","KFS2974","Y"
"2671604827","KFS2671604827","tdenman","KFS3662","Y"
"2675503231","KFS2675503231","bpashwor","KFS3839","Y"
"2675607147","KFS2675607147","gphom","KFS2607","Y"
"2676505139","KFS2676505139","dpwesson","KFS3193","Y"
"2681701139","KFS2681701139","fmayes","KFS3513","Y"
"2683109793","KFS2683109793","anavarre","KFS3128","Y"
"2683807863","KFS2683807863","yon","KFS1080","Y"
"2687501556","KFS2687501556","wakins","KFS3126","Y"
"2688805408","KFS2688805408","apgallah","KFS3946","Y"
"2689004273","KFS2689004273","mbrogan","KFS3218","Y"
"2691706557","KFS2691706557","burress","KFS2794","Y"
"2693000507","KFS2693000507","acochran","KFS3455","Y"
"2698204697","KFS2698204697","rpcoggin","KFS3091","Y"
"2701102442","KFS2701102442","cqquarle","KFS3158","Y"
"2701405642","KFS2701405642","mwainwri","KFS2939","Y"
"2708207895","KFS2708207895","rliston","KFS3778","Y"
"2709506479","KFS2709506479","plindema","KFS3678","Y"
"2717708169","KFS2717708169","psanmigu","KFS3798","Y"
"2717804241","KFS2717804241","dqperron","KFS3862","Y"
"2718700680","KFS2718700680","csexton","KFS3587","Y"
"2722306665","KFS2722306665","rqbarrin","KFS3908","Y"
"2722708015","KFS2722708015","awilk","KFS3069","Y"
"2724700273","KFS2724700273","jlowe","KFS2975","Y"
"2726706560","KFS2726706560","jbrockin","KFS2953","Y"
"2728703111","KFS2728703111","pgalvez","KFS3163","Y"
"2735008733","KFS2735008733","jqhepbur","KFS3739","Y"
"2735702616","KFS2735702616","ralston","KFS1052","Y"
"2736007574","KFS2736007574","pqstalna","KFS2535","Y"
"2740808468","KFS2740808468","cqlakin","KFS3510","Y"
"2741900332","KFS2741900332","jqsharp","KFS1113","Y"
"2744604637","KFS2744604637","dqsills","KFS3399","Y"
"2751600451","KFS2751600451","brock","KFS2648","Y"
"2753204360","KFS2753204360","jqlauer","KFS2801","Y"
"2754906885","KFS2754906885","rqwoolar","KFS2534","Y"
"2758708357","KFS2758708357","xrippy","KFS1520","Y"
"2766001893","KFS2766001893","koenig","KFS2019","Y"
"2766501199","KFS2766501199","mdavila","KFS3923","Y"
"2773000082","KFS2773000082","hqcolema","KFS3691","Y"
"2777801570","KFS2777801570","dahl","KFS2284","Y"
"2780707389","KFS2780707389","ymichael","KFS2891","Y"
"2783907167","KFS2783907167","mbremer","KFS3652","Y"
"2788101156","KFS2788101156","bplummer","KFS3931","Y"
"2790001875","KFS2790001875","adowdy","KFS3017","Y"
"2792204561","KFS2792204561","obays","KFS3666","Y"
"2798209582","KFS2798209582","rdegroot","KFS3247","Y"
"2802202597","KFS2802202597","arturpin","KFS3423","Y"
"2802508887","KFS2802508887","mrrutkow","KFS4046","Y"
"2811207565","KFS2811207565","crviolet","KFS3294","Y"
"2814003959","KFS2814003959","blackwoo","KFS1074","Y"
"2814801804","KFS2814801804","tmyles","KFS3670","Y"
"2815401389","KFS2815401389","trrodrig","KFS3291","Y"
"2817408084","KFS2817408084","gavent","KFS3334","Y"
"2820008053","KFS2820008053","grhayash","KFS4004","Y"
"2826600464","KFS2826600464","brsparks","KFS2828","Y"
"2827008884","KFS2827008884","arsergen","KFS3310","Y"
"2836802141","KFS2836802141","galley","KFS2836","Y"
"2839007760","KFS2839007760","cdupless","KFS3498","Y"
"2843302291","KFS2843302291","erbundy","KFS3376","Y"
"2845700356","KFS2845700356","pmcgee","KFS3424","Y"
"2853504613","KFS2853504613","bbilodea","KFS3290","Y"
"2855702943","KFS2855702943","hbeckwit","KFS3333","Y"
"2857103497","KFS2857103497","brmcgrew","KFS3617","Y"
"2857802003","KFS2857802003","dresquiv","KFS3416","Y"
"2858107175","KFS2858107175","dtowner","KFS2787","Y"
"2860009297","KFS2860009297","qpickel","KFS2940","Y"
"2862905828","KFS2862905828","rrdicken","KFS3418","Y"
"2865309548","KFS2865309548","rkirkend","KFS3986","Y"
"2868007063","KFS2868007063","hrshuber","KFS3881","Y"
"2871205128","KFS2871205128","brgodsey","KFS3006","Y"
"2873601030","KFS2873601030","arholley","KFS3554","Y"
"2885908053","KFS2885908053","jhayashi","KFS2981","Y"
"2891402154","KFS2891402154","braviles","KFS3736","Y"
"2892007462","KFS2892007462","bpfister","KFS3751","Y"
"2904700508","KFS2904700508","cschase","KFS1056","Y"
"2905401709","KFS2905401709","aatwood","KFS3109","Y"
"2905707168","KFS2905707168","tboutte","KFS3479","Y"
"2906405069","KFS2906405069","butt","KFS2875","Y"
"2909700894","KFS2909700894","jsalford","KFS1441","Y"
"2915209681","KFS2915209681","jsickes","KFS2236","Y"
"2918801999","KFS2918801999","gsams","KFS3845","Y"
"2929202535","KFS2929202535","purdy","KFS2950","Y"
"2930203477","KFS2930203477","ssales","KFS2775","Y"
"2932706840","KFS2932706840","ssred","KFS3836","Y"
"2935303709","KFS2935303709","cholly","KFS2694","Y"
"2937208570","KFS2937208570","gshaugh","KFS3302","Y"
"2937806342","KFS2937806342","coreal","KFS1124","Y"
"2943509237","KFS2943509237","grindle","KFS1065","Y"
"2950605083","KFS2950605083","resorrel","KFS3738","Y"
"2953707698","KFS2953707698","bocanegr","KFS2593","Y"
"2954107527","KFS2954107527","msmarian","KFS2754","Y"
"2960207362","KFS2960207362","bsvice","KFS3322","Y"
"2966509283","KFS2966509283","mssiegfr","KFS3705","Y"
"2971109038","KFS2971109038","lidorton","KFS4012","Y"
"2976808378","KFS2976808378","dhowse","KFS3353","Y"
"2982703845","KFS2982703845","jstephen","KFS2827","Y"
"2983601426","KFS2983601426","smetcalf","KFS3119","Y"
"2987604646","KFS2987604646","hgragg","KFS4005","Y"
"2988703413","KFS2988703413","sibley","KFS2758","Y"
"2997600421","KFS2997600421","dssaunde","KFS2859","Y"
"2999000040","KFS2999000040","ascarter","KFS2766","Y"
"2999103847","KFS2999103847","wssmiths","KFS3068","Y"
"3002005569","KFS3002005569","bskiles","KFS2892","Y"
"3012703100","KFS3012703100","fsiler","KFS3626","Y"
"3018504407","KFS3018504407","vtantoin","KFS3496","Y"
"3024607135","KFS3024607135","ctpenton","KFS3565","Y"
"3027305567","KFS3027305567","jtterraz","KFS3974","Y"
"3036403289","KFS3036403289","wacuna","KFS1030","Y"
"3058705294","KFS3058705294","xstutzma","KFS1656","Y"
"3060202670","KFS3060202670","bcary","KFS3959","Y"
"3063708933","KFS3063708933","gforehan","KFS3810","Y"
"3065204391","KFS3065204391","leak","KFS2831","Y"
"3072201870","KFS3072201870","ktbergma","KFS3628","Y"
"3072605934","KFS3072605934","mtthorso","KFS3022","Y"
"3075402167","KFS3075402167","cburrows","KFS3085","Y"
"3076500820","KFS3076500820","drosario","KFS3618","Y"
"3082302550","KFS3082302550","ltquinta","KFS3110","Y"
"3083208092","KFS3083208092","dtwendel","KFS2989","Y"
"3084506625","KFS3084506625","fstrombe","KFS3063","Y"
"3085007654","KFS3085007654","rtpresne","KFS3709","Y"
"3087001085","KFS3087001085","dakers","KFS3807","Y"
"3087305148","KFS3087305148","ltporras","KFS3492","Y"
"3091109681","KFS3091109681","aickes","KFS3087","Y"
"3093503932","KFS3093503932","tthatche","KFS2832","Y"
"3098006714","KFS3098006714","jtbrockw","KFS2746","Y"
"3099209224","KFS3099209224","ftkratze","KFS3582","Y"
"3101406141","KFS3101406141","mvalverd","KFS3529","Y"
"3102209996","KFS3102209996","acalfee","KFS3726","Y"
"3103108378","KFS3103108378","fhowse","KFS3284","Y"
"3105802010","KFS3105802010","gsherril","KFS2757","Y"
"3106006335","KFS3106006335","satoy","KFS2977","Y"
"3114503350","KFS3114503350","fholloma","KFS3039","Y"
"3127805179","KFS3127805179","mstansbu","KFS3028","Y"
"3132300262","KFS3132300262","ddavidso","KFS3385","Y"
"3135705171","KFS3135705171","daycock","KFS3107","Y"
"3138906213","KFS3138906213","sumccraw","KFS3361","Y"
"3153306089","KFS3153306089","fcrossle","KFS3250","Y"
"3158308097","KFS3158308097","dthrift","KFS2910","Y"
"3162503037","KFS3162503037","pickard","KFS1062","Y"
"3162908101","KFS3162908101","rushows","KFS3581","Y"
"3163207199","KFS3163207199","mukoss","KFS1028","Y"
"3166901050","KFS3166901050","rulake","KFS3676","Y"
"3170902843","KFS3170902843","ducanfie","KFS3765","Y"
"3172909967","KFS3172909967","lfutch","KFS3303","Y"
"3173704814","KFS3173704814","wustonge","KFS3888","Y"
"3184309620","KFS3184309620","atims","KFS3837","Y"
"3184509630","KFS3184509630","fsly","KFS3175","Y"
"3185208201","KFS3185208201","mfunkhou","KFS3249","Y"
"3209904483","KFS3209904483","jvthames","KFS3057","Y"
"3216002071","KFS3216002071","lvbarger","KFS1009","Y"
"3229901916","KFS3229901916","fmayberr","KFS3658","Y"
"3232007851","KFS3232007851","lvcater","KFS3775","Y"
"3235207704","KFS3235207704","avalbin","KFS3756","Y"
"3236001621","KFS3236001621","pegan","KFS3857","Y"
"3236004643","KFS3236004643","pvmcdoug","KFS3995","Y"
"3236104556","KFS3236104556","avjankow","KFS3074","Y"
"3236804114","KFS3236804114","gfrick","KFS3767","Y"
"3237001729","KFS3237001729","fduvall","KFS3186","Y"
"3239505891","KFS3239505891","dvalmara","KFS3657","Y"
"3240207955","KFS3240207955","wmcmurry","KFS3065","Y"
"3241801877","KFS3241801877","ghuynh","KFS2988","Y"
"3242403876","KFS3242403876","dvloving","KFS2864","Y"
"3246604444","KFS3246604444","dlindstr","KFS3757","Y"
"3247002806","KFS3247002806","avnoyes","KFS2930","Y"
"3249006281","KFS3249006281","evbill","KFS3787","Y"
"3252309588","KFS3252309588","lvclinks","KFS1035","Y"
"3257204727","KFS3257204727","evforest","KFS3910","Y"
"3262902893","KFS3262902893","rhoyle","KFS3653","Y"
"3264700400","KFS3264700400","dcobb","KFS2958","Y"
"3270009216","KFS3270009216","dmatte","KFS3362","Y"
"3271906388","KFS3271906388","somara","KFS3023","Y"
"3275401107","KFS3275401107","cvsincla","KFS1146","Y"
"3278308927","KFS3278308927","gouge","KFS2744","Y"
"3279007141","KFS3279007141","maloy","KFS2606","Y"
"3283707808","KFS3283707808","svoxley","KFS1423","Y"
"3285900998","KFS3285900998","jwhitley","KFS3844","Y"
"3290302393","KFS3290302393","norourke","KFS3590","Y"
"3296303933","KFS3296303933","tvhass","KFS3761","Y"
"3296604185","KFS3296604185","nvillase","KFS2959","Y"
"3302806400","KFS3302806400","jwhagans","KFS4027","Y"
"3303508289","KFS3303508289","awhuck","KFS3051","Y"
"3306705802","KFS3306705802","bwsuzuki","KFS3815","Y"
"3311909675","KFS3311909675","tkinslow","KFS3331","Y"
"3312302137","KFS3312302137","lwring","KFS3655","Y"
"3312503232","KFS3312503232","albertso","KFS1361","Y"
"3316807128","KFS3316807128","lwshults","KFS3434","Y"
"3316900091","KFS3316900091","awbutler","KFS3540","Y"
"3317806328","KFS3317806328","dwcasare","KFS3380","Y"
"3322109259","KFS3322109259","rwbussar","KFS3567","Y"
"3324503879","KFS3324503879","lwhumes","KFS3293","Y"
"3326404888","KFS3326404888","wsoileau","KFS1039","Y"
"3328902578","KFS3328902578","segaithe","KFS3435","Y"
"3334505644","KFS3334505644","rwstowel","KFS3441","Y"
"3335500105","KFS3335500105","masulliv","KFS3577","Y"
"3339401230","KFS3339401230","wroe","KFS3208","Y"
"3344009440","KFS3344009440","cwhouseh","KFS3734","Y"
"3344600883","KFS3344600883","alston","KFS2765","Y"
"3356000660","KFS3356000660","ewhurst","KFS3575","Y"
"3366605276","KFS3366605276","hweubank","KFS1008","Y"
"3367504366","KFS3367504366","espino","KFS2053","Y"
"3372102879","KFS3372102879","dfogle","KFS4023","Y"
"3372600016","KFS3372600016","mwmartin","KFS1053","Y"
"3373403412","KFS3373403412","kstaten","KFS2890","Y"
"3374304397","KFS3374304397","eagle","KFS1024","Y"
"3377209434","KFS3377209434","skephart","KFS3262","Y"
"3379807602","KFS3379807602","rjaworsk","KFS3090","Y"
"3380509089","KFS3380509089","crudnick","KFS3354","Y"
"3381303865","KFS3381303865","mwarriag","KFS3566","Y"
"3383108331","KFS3383108331","awyun","KFS3918","Y"
"3386606059","KFS3386606059","sterner","KFS1019","Y"
"3394506378","KFS3394506378","steven","KFS4044","Y"
"3395606968","KFS3395606968","dgerhard","KFS3092","Y"
"3396200491","KFS3396200491","fcollier","KFS3895","Y"
"3397100787","KFS3397100787","lcantu","KFS2747","Y"
"3402005199","KFS3402005199","bxdenis","KFS3855","Y"
"3402407949","KFS3402407949","jxnapoli","KFS2602","Y"
"3406900727","KFS3406900727","axherman","KFS3512","Y"
"3409204973","KFS3409204973","sxdagost","KFS3989","Y"
"3414509376","KFS3414509376","fwillhit","KFS3120","Y"
"3414606406","KFS3414606406","mchou","KFS3519","Y"
"3417804797","KFS3417804797","dephilip","KFS3748","Y"
"3420502200","KFS3420502200","axdent","KFS2933","Y"
"3420506415","KFS3420506415","axwitter","KFS2802","Y"
"3421900658","KFS3421900658","bfarrell","KFS3151","Y"
"3424308580","KFS3424308580","dxdevane","KFS1033","Y"
"3427200580","KFS3427200580","shields","KFS1044","Y"
"3428005487","KFS3428005487","wjohnsto","KFS3370","Y"
"3428204097","KFS3428204097","creamer","KFS1861","Y"
"3428508900","KFS3428508900","mxnuss","KFS4029","Y"
"3428900121","KFS3428900121","sxgomez","KFS3356","Y"
"3432106365","KFS3432106365","hfore","KFS3100","Y"
"3433602266","KFS3433602266","cxcarnes","KFS2631","Y"
"3439809008","KFS3439809008","rleduc","KFS3339","Y"
"3445505002","KFS3445505002","rharrels","KFS3696","Y"
"3447804275","KFS3447804275","txwilmot","KFS3485","Y"
"3454106039","KFS3454106039","mgamache","KFS3702","Y"
"3458300078","KFS3458300078","dwood","KFS2792","Y"
"3463501705","KFS3463501705","ixdugan","KFS3697","Y"
"3465301554","KFS3465301554","rxhaskin","KFS3822","Y"
"3471002056","KFS3471002056","axfugate","KFS3968","Y"
"3471003858","KFS3471003858","amayhew","KFS3053","Y"
"3474206166","KFS3474206166","lmellon","KFS2921","Y"
"3474208965","KFS3474208965","lxbiller","KFS1066","Y"
"3480207161","KFS3480207161","exdana","KFS4001","Y"
"3483409286","KFS3483409286","savino","KFS2788","Y"
"3489706142","KFS3489706142","valdivia","KFS1089","Y"
"3491306639","KFS3491306639","jlandero","KFS3070","Y"
"3492904444","KFS3492904444","bxlindst","KFS3602","Y"
"3501703237","KFS3501703237","kytyree","KFS4018","Y"
"3504508872","KFS3504508872","dytruebl","KFS3206","Y"
"3505700757","KFS3505700757","tmcmilla","KFS3471","Y"
"3506305224","KFS3506305224","lmeraz","KFS3079","Y"
"3506402959","KFS3506402959","majors","KFS1004","Y"
"3514105019","KFS3514105019","aysolori","KFS3876","Y"
"3516904968","KFS3516904968","ayharget","KFS3971","Y"
"3516907290","KFS3516907290","carvajal","KFS1100","Y"
"3518107121","KFS3518107121","stanfill","KFS2899","Y"
"3526803109","KFS3526803109","charlan","KFS3229","Y"
"3527803486","KFS3527803486","mfong","KFS3659","Y"
"3541802074","KFS3541802074","gyelias","KFS3058","Y"
"3545207632","KFS3545207632","eyalva","KFS3725","Y"
"3546008326","KFS3546008326","pyblades","KFS2811","Y"
"3552808023","KFS3552808023","eystaats","KFS4022","Y"
"3554107164","KFS3554107164","myconwel","KFS3142","Y"
"3554803363","KFS3554803363","dmarquis","KFS3395","Y"
"3563109098","KFS3563109098","rparada","KFS3580","Y"
"3563401063","KFS3563401063","jamison","KFS1085","Y"
"3567107587","KFS3567107587","nymontel","KFS3665","Y"
"3567502882","KFS3567502882","qpence","KFS2858","Y"
"3570803537","KFS3570803537","sregiste","KFS3116","Y"
"3572801924","KFS3572801924","myleary","KFS3295","Y"
"3577005213","KFS3577005213","bywomble","KFS3222","Y"
"3584609748","KFS3584609748","tyashbau","KFS3386","Y"
"3589506178","KFS3589506178","haynie","KFS2771","Y"
"3593407588","KFS3593407588","tymelnic","KFS3791","Y"
"3596609575","KFS3596609575","flesher","KFS1069","Y"
"3597903619","KFS3597903619","mbelton","KFS3706","Y"
"3599704520","KFS3599704520","wyalfred","KFS4007","Y"
"3600407439","KFS3600407439","mayotte","KFS2871","Y"
"3601403206","KFS3601403206","moffitt","KFS1117","Y"
"3606307807","KFS3606307807","lzperdom","KFS3607","Y"
"3608607904","KFS3608607904","egorton","KFS2847","Y"
"3608700794","KFS3608700794","pzbentle","KFS3086","Y"
"3610405811","KFS3610405811","lznewson","KFS3089","Y"
"3611800101","KFS3611800101","myers","KFS2646","Y"
"3613806482","KFS3613806482","tlander","KFS3097","Y"
"3616406417","KFS3616406417","wtolenti","KFS3209","Y"
"3620801617","KFS3620801617","lzham","KFS3482","Y"
"3622007882","KFS3622007882","gnightin","KFS3027","Y"
"3629509166","KFS3629509166","rzalvis","KFS2856","Y"
"3639507871","KFS3639507871","dzsherwi","KFS2915","Y"
"3642904880","KFS3642904880","cottle","KFS1676","Y"
"3644105427","KFS3644105427","tzwestco","KFS2751","Y"
"3645101596","KFS3645101596","azcody","KFS3699","Y"
"3645307585","KFS3645307585","bpalladi","KFS1054","Y"
"3649600016","KFS3649600016","emartin","KFS1099","Y"
"3651402735","KFS3651402735","lmilam","KFS3214","Y"
"3653901689","KFS3653901689","rhackett","KFS3450","Y"
"3662109584","KFS3662109584","dzcrowl","KFS3978","Y"
"3666809498","KFS3666809498","bswallow","KFS3572","Y"
"3670600494","KFS3670600494","mcguire","KFS2841","Y"
"3673205053","KFS3673205053","czleech","KFS3568","Y"
"3674600205","KFS3674600205","mzcarr","KFS3328","Y"
"3679505261","KFS3679505261","gpickle","KFS3123","Y"
"3681205703","KFS3681205703","rlheureu","KFS3664","Y"
"3682507451","KFS3682507451","rzstotts","KFS3345","Y"
"3686309824","KFS3686309824","ezhoyos","KFS3264","Y"
"3687005124","KFS3687005124","dzhotchk","KFS3755","Y"
"3687302674","KFS3687302674","lzrobins","KFS2651","Y"
"3691001925","KFS3691001925","hutton","KFS1165","Y"
"3691201748","KFS3691201748","lstaton","KFS3663","Y"
"3695405816","KFS3695405816","ozmalave","KFS3713","Y"
"3696203424","KFS3696203424","fcooks","KFS3306","Y"
"3701402014","KFS3701402014","baedmond","KFS3649","Y"
"3705304927","KFS3705304927","mcgough","KFS2657","Y"
"3709601315","KFS3709601315","datomlin","KFS2963","Y"
"3712704766","KFS3712704766","eseale","KFS3677","Y"
"3716609036","KFS3716609036","leaddy","KFS3152","Y"
"3723004024","KFS3723004024","jahoman","KFS3320","Y"
"3728902353","KFS3728902353","vagaskin","KFS2964","Y"
"3729104499","KFS3729104499","taguess","KFS3988","Y"
"3730600771","KFS3730600771","mbarry","KFS2972","Y"
"3736602747","KFS3736602747","noland","KFS1067","Y"
"3736906932","KFS3736906932","berkley","KFS2753","Y"
"3738303291","KFS3738303291","easigler","KFS1095","Y"
"3744107105","KFS3744107105","saburdin","KFS3640","Y"
"3746100822","KFS3746100822","cstout","KFS3275","Y"
"3749301116","KFS3749301116","mastarr","KFS3956","Y"
"3756607704","KFS3756607704","caalbin","KFS3692","Y"
"3759708455","KFS3759708455","samontei","KFS3874","Y"
"3760709409","KFS3760709409","bapesce","KFS3637","Y"
"3767304426","KFS3767304426","scowles","KFS3958","Y"
"3771303577","KFS3771303577","rginn","KFS3220","Y"
"3771403079","KFS3771403079","vputman","KFS3047","Y"
"3776005327","KFS3776005327","shoemake","KFS2695","Y"
"3784207466","KFS3784207466","daparadi","KFS3992","Y"
"3787609893","KFS3787609893","easwart","KFS3225","Y"
"3792801722","KFS3792801722","bynum","KFS2816","Y"
"3795206649","KFS3795206649","gailey","KFS1625","Y"
"3803402449","KFS3803402449","raiken","KFS1705","Y"
"3805505298","KFS3805505298","dbpilkin","KFS3135","Y"
"3808900136","KFS3808900136","jmorales","KFS3369","Y"
"3826400961","KFS3826400961","gfinch","KFS3902","Y"
"3826406131","KFS3826406131","cravens","KFS1111","Y"
"3830700232","KFS3830700232","sreid","KFS3389","Y"
"3831904949","KFS3831904949","banner","KFS2588","Y"
"3846208193","KFS3846208193","dherod","KFS3059","Y"
"3849809601","KFS3849809601","jbbitner","KFS3402","Y"
"3851306848","KFS3851306848","apare","KFS2956","Y"
"3851402102","KFS3851402102","frly","KFS3159","Y"
"3852804492","KFS3852804492","cbmarcha","KFS3704","Y"
"3862706178","KFS3862706178","ghaynie","KFS3955","Y"
"3870804190","KFS3870804190","lshore","KFS3265","Y"
"3872108083","KFS3872108083","rbaillar","KFS3771","Y"
"3876307842","KFS3876307842","dunson","KFS1064","Y"
"3879106523","KFS3879106523","rringer","KFS3432","Y"
"3880605325","KFS3880605325","nbtetrea","KFS3427","Y"
"3882609863","KFS3882609863","rboyes","KFS3185","Y"
"3889504703","KFS3889504703","jaraujo","KFS3468","Y"
"3892107556","KFS3892107556","kbaubin","KFS3324","Y"
"3895100501","KFS3895100501","kbwilcox","KFS4045","Y"
"3898405507","KFS3898405507","byler","KFS1011","Y"
"3903903307","KFS3903903307","dcmercie","KFS3975","Y"
"3907601072","KFS3907601072","idailey","KFS3605","Y"
"3908907565","KFS3908907565","jviolett","KFS3428","Y"
"3909303174","KFS3909303174","pcpeek","KFS3779","Y"
"3909803874","KFS3909803874","lcmccaff","KFS3377","Y"
"3909900391","KFS3909900391","ehodges","KFS2935","Y"
"3910806448","KFS3910806448","tcolucci","KFS3559","Y"
"3918606779","KFS3918606779","hutter","KFS3532","Y"
"3919002203","KFS3919002203","ypeachey","KFS2566","Y"
"3925405955","KFS3925405955","infante","KFS1143","Y"
"3933407724","KFS3933407724","mschram","KFS3508","Y"
"3933904788","KFS3933904788","scboyett","KFS3636","Y"
"3935505190","KFS3935505190","kclarrab","KFS2550","Y"
"3936306076","KFS3936306076","jckahler","KFS1010","Y"
"3939002115","KFS3939002115","flaherty","KFS1027","Y"
"3940305045","KFS3940305045","kereel","KFS3786","Y"
"3949401795","KFS3949401795","ocmcnall","KFS3139","Y"
"3953901363","KFS3953901363","tmcclend","KFS3012","Y"
"3954101482","KFS3954101482","egleason","KFS3292","Y"
"3962607660","KFS3962607660","lnevins","KFS3260","Y"
"3962709804","KFS3962709804","mariani","KFS2549","Y"
"3973007125","KFS3973007125","ncsipple","KFS3327","Y"
"3973303170","KFS3973303170","taranda","KFS3160","Y"
"3998400688","KFS3998400688","echouse","KFS2970","Y"
"4004609468","KFS4004609468","cdbookma","KFS3118","Y"
"4012108265","KFS4012108265","joneves","KFS3230","Y"
"4021000393","KFS4021000393","econner","KFS3392","Y"
"4025604325","KFS4025604325","maramsay","KFS3863","Y"
"4025604960","KFS4025604960","michels","KFS1072","Y"
"4032804674","KFS4032804674","chew","KFS1003","Y"
"4034202067","KFS4034202067","kregan","KFS3551","Y"
"4035300327","KFS4035300327","fdramsey","KFS2612","Y"
"4039709776","KFS4039709776","bruben","KFS3084","Y"
"4040409372","KFS4040409372","jdyim","KFS3689","Y"
"4040902117","KFS4040902117","eddoe","KFS3452","Y"
"4041902980","KFS4041902980","pthigpen","KFS2962","Y"
"4042509785","KFS4042509785","ddpetree","KFS3279","Y"
"4043300972","KFS4043300972","mdbird","KFS1063","Y"
"4052406505","KFS4052406505","abolding","KFS2852","Y"
"4053303316","KFS4053303316","schapin","KFS4020","Y"
"4054108339","KFS4054108339","edtrexle","KFS3329","Y"
"4054206419","KFS4054206419","fstgerma","KFS3212","Y"
"4059803771","KFS4059803771","rgorham","KFS3014","Y"
"4068002838","KFS4068002838","schulte","KFS1031","Y"
"4068005169","KFS4068005169","mdbotell","KFS2934","Y"
"4069204088","KFS4069204088","dkunz","KFS3224","Y"
"4071101475","KFS4071101475","sblackmo","KFS3909","Y"
"4071904043","KFS4071904043","lmeacham","KFS3184","Y"
"4072802651","KFS4072802651","gdaquino","KFS3953","Y"
"4075208273","KFS4075208273","dmarti","KFS3215","Y"
"4076302016","KFS4076302016","adcronin","KFS3557","Y"
"4077903148","KFS4077903148","edchrist","KFS3462","Y"
"4085808804","KFS4085808804","ooxendin","KFS3873","Y"
"4089203889","KFS4089203889","adtyner","KFS3715","Y"
"4090002966","KFS4090002966","adblocke","KFS3300","Y"
"4095608269","KFS4095608269","lmichala","KFS3064","Y"
"4097008161","KFS4097008161","stricker","KFS2911","Y"
"4102006775","KFS4102006775","shzamudi","KFS3596","Y"
"4113408611","KFS4113408611","eesimas","KFS4011","Y"
"4119106569","KFS4119106569","jeeyoho","KFS3169","Y"
"4120805311","KFS4120805311","lufelker","KFS3197","Y"
"4124805803","KFS4124805803","cstandle","KFS3894","Y"
"4133402071","KFS4133402071","mebarger","KFS3804","Y"
"4135900674","KFS4135900674","vgentry","KFS3505","Y"
"4135906990","KFS4135906990","veaveril","KFS3629","Y"
"4140303208","KFS4140303208","keknudse","KFS1088","Y"
"4146202628","KFS4146202628","demotley","KFS2830","Y"
"4154408215","KFS4154408215","tburkes","KFS2985","Y"
"4156108398","KFS4156108398","ieakins","KFS3141","Y"
"4156403438","KFS4156403438","cferraro","KFS2814","Y"
"4159407077","KFS4159407077","hemanion","KFS3907","Y"
"4160100413","KFS4160100413","msandova","KFS3246","Y"
"4161502293","KFS4161502293","jeskelto","KFS3942","Y"
"4161901639","KFS4161901639","abeal","KFS2905","Y"
"4178502080","KFS4178502080","zepeda","KFS2409","Y"
"4179703037","KFS4179703037","aepickar","KFS2883","Y"
"4182202259","KFS4182202259","megann","KFS2983","Y"
"4182800995","KFS4182800995","knowles","KFS2804","Y"
"4186206504","KFS4186206504","brodeur","KFS2377","Y"
"4186602347","KFS4186602347","ayancey","KFS3029","Y"
"4189006519","KFS4189006519","mescanla","KFS3190","Y"
"4189500212","KFS4189500212","jrichard","KFS2750","Y"
"4189509424","KFS4189509424","jemarron","KFS3570","Y"
"4191101345","KFS4191101345","lmuller","KFS3191","Y"
"4192500130","KFS4192500130","mehunter","KFS4019","Y"
"4205208566","KFS4205208566","jisley","KFS1603","Y"
"4205601851","KFS4205601851","gbellamy","KFS2932","Y"
"4207803670","KFS4207803670","copley","KFS1556","Y"
"4212109427","KFS4212109427","jflingen","KFS3054","Y"
"4212400813","KFS4212400813","case","KFS2791","Y"
"4215903770","KFS4215903770","jholguin","KFS3357","Y"
"4217300016","KFS4217300016","martin","KFS1018","Y"
"4219606069","KFS4219606069","amccandl","KFS3033","Y"
"4221904096","KFS4221904096","durr","KFS1586","Y"
"4222102340","KFS4222102340","bfmonk","KFS3708","Y"
"4226103092","KFS4226103092","dfmcfarl","KFS3796","Y"
"4229402365","KFS4229402365","sfserna","KFS3174","Y"
"4232205284","KFS4232205284","sabrothe","KFS2812","Y"
"4242504968","KFS4242504968","dfharget","KFS3817","Y"
"4244207032","KFS4244207032","efflory","KFS4021","Y"
"4249202839","KFS4249202839","egilley","KFS3784","Y"
"4253800242","KFS4253800242","kffrazie","KFS3344","Y"
"4261500338","KFS4261500338","jfbaldwi","KFS3475","Y"
"4263602369","KFS4263602369","jdiehl","KFS2973","Y"
"4263702699","KFS4263702699","jfsledge","KFS3560","Y"
"4266401961","KFS4266401961","sdoran","KFS2866","Y"
"4267003682","KFS4267003682","lsamples","KFS1870","Y"
"4269702290","KFS4269702290","ichance","KFS4016","Y"
"4272005744","KFS4272005744","bfgott","KFS3897","Y"
"4273503988","KFS4273503988","hsalley","KFS3685","Y"
"4277405545","KFS4277405545","bgroom","KFS3928","Y"
"4278406062","KFS4278406062","mriojas","KFS3282","Y"
"4279703397","KFS4279703397","afbeers","KFS3717","Y"
"4282802442","KFS4282802442","kquarles","KFS2845","Y"
"4284003768","KFS4284003768","ckee","KFS3171","Y"
"4287502068","KFS4287502068","jfaust","KFS2925","Y"
"4291201206","KFS4291201206","copagan","KFS3830","Y"
"4292804925","KFS4292804925","hfmonten","KFS1112","Y"
"4294206573","KFS4294206573","bfthoma","KFS4006","Y"
"4295400514","KFS4295400514","mfsawyer","KFS3219","Y"
"4312006998","KFS4312006998","sgturnbo","KFS2389","Y"
"4318506633","KFS4318506633","rorenfro","KFS3146","Y"
"4321004623","KFS4321004623","equillen","KFS3400","Y"
"4322103093","KFS4322103093","bglamm","KFS3364","Y"
"4323104089","KFS4323104089","ggkohl","KFS3899","Y"
"4325800307","KFS4325800307","mgdawson","KFS3429","Y"
"4326006416","KFS4326006416","cunruh","KFS3242","Y"
"4329502868","KFS4329502868","dgparent","KFS3712","Y"
"4330107570","KFS4330107570","swarey","KFS1747","Y"
"4332503265","KFS4332503265","icounts","KFS3451","Y"
"4333007056","KFS4333007056","mgtull","KFS4028","Y"
"4336803918","KFS4336803918","wcaro","KFS2833","Y"
"4342508112","KFS4342508112","dolander","KFS3196","Y"
"4343806132","KFS4343806132","egclaypo","KFS3826","Y"
"4350907623","KFS4350907623","bgcaddel","KFS3856","Y"
"4353101579","KFS4353101579","rgromano","KFS3930","Y"
"4353301119","KFS4353301119","shasting","KFS3176","Y"
"4362002859","KFS4362002859","reynoso","KFS2769","Y"
"4362904431","KFS4362904431","kashmore","KFS3494","Y"
"4372401049","KFS4372401049","nsmart","KFS3473","Y"
"4373500652","KFS4373500652","hprince","KFS3684","Y"
"4374009622","KFS4374009622","egthach","KFS3493","Y"
"4385708213","KFS4385708213","egcastan","KFS3131","Y"
"4394206018","KFS4394206018","bgrosebe","KFS3635","Y"
"4406304317","KFS4406304317","ahbozema","KFS3750","Y"
"4406700111","KFS4406700111","khowens","KFS1048","Y"
"4416103774","KFS4416103774","gblanche","KFS3647","Y"
"4425301537","KFS4425301537","tsylvest","KFS3166","Y"
"4425901434","KFS4425901434","deal","KFS3021","Y"
"4426706986","KFS4426706986","mhbesset","KFS3406","Y"
"4429103949","KFS4429103949","thkirchn","KFS3516","Y"
"4430604374","KFS4430604374","mhtotten","KFS3641","Y"
"4430909233","KFS4430909233","hersh","KFS1125","Y"
"4431400488","KFS4431400488","underwoo","KFS1007","Y"
"4440008197","KFS4440008197","bhhallow","KFS3800","Y"
"4443702936","KFS4443702936","chbarbos","KFS3307","Y"
"4445203670","KFS4445203670","kcopley","KFS4024","Y"
"4446301330","KFS4446301330","sdunham","KFS3595","Y"
"4450801341","KFS4450801341","lhbrantl","KFS3727","Y"
"4452809121","KFS4452809121","chine","KFS3592","Y"
"4463509160","KFS4463509160","mblakesl","KFS3538","Y"
"4464505705","KFS4464505705","bkimura","KFS3730","Y"
"4464505768","KFS4464505768","bhritz","KFS3793","Y"
"4465100463","KFS4465100463","fabbott","KFS3788","Y"
"4467206940","KFS4467206940","wilmot","KFS2786","Y"
"4468002387","KFS4468002387","mhclouti","KFS3772","Y"
"4468200913","KFS4468200913","lsnider","KFS3521","Y"
"4471904949","KFS4471904949","lbanner","KFS3643","Y"
"4478701305","KFS4478701305","sdobson","KFS2850","Y"
"4480500230","KFS4480500230","thgeorge","KFS3901","Y"
"4483606887","KFS4483606887","chwasser","KFS3573","Y"
"4491205463","KFS4491205463","chbayles","KFS1020","Y"
"4495804544","KFS4495804544","ghstott","KFS3564","Y"
"4496100083","KFS4496100083","mjenkins","KFS3805","Y"
"4502901718","KFS4502901718","aieddy","KFS3880","Y"
"4505504841","KFS4505504841","dskeen","KFS2879","Y"
"4507204997","KFS4507204997","tijarman","KFS4009","Y"
"4511501672","KFS4511501672","waldrich","KFS3891","Y"
"4512803108","KFS4512803108","mihulsey","KFS3269","Y"
"4516501293","KFS4516501293","lbowden","KFS2924","Y"
"4521601311","KFS4521601311","nfink","KFS3966","Y"
"4526900367","KFS4526900367","cinewton","KFS3237","Y"
"4532607382","KFS4532607382","eiolguin","KFS3187","Y"
"4534802023","KFS4534802023","yryder","KFS3167","Y"
"4542109603","KFS4542109603","mbaranow","KFS2752","Y"
"4542806317","KFS4542806317","ghatten","KFS2902","Y"
"4544305351","KFS4544305351","boardman","KFS1168","Y"
"4545405888","KFS4545405888","tboykins","KFS2992","Y"
"4553801458","KFS4553801458","ksalgado","KFS2987","Y"
"4554109655","KFS4554109655","epeiffer","KFS2982","Y"
"4557803500","KFS4557803500","tforsyth","KFS3252","Y"
"4574006458","KFS4574006458","winder","KFS1114","Y"
"4576403588","KFS4576403588","aikingsl","KFS3261","Y"
"4578008779","KFS4578008779","kvaldovi","KFS3583","Y"
"4588109316","KFS4588109316","ailamkin","KFS3686","Y"
"4592004673","KFS4592004673","wdodds","KFS3326","Y"
"4593308735","KFS4593308735","jiharrol","KFS3851","Y"
"4597402875","KFS4597402875","flomax","KFS2942","Y"
"4598205605","KFS4598205605","vipeabod","KFS3411","Y"
"4602809661","KFS4602809661","cjmillet","KFS3352","Y"
"4603101752","KFS4603101752","boakley","KFS3372","Y"
"4603208276","KFS4603208276","lindholm","KFS1058","Y"
"4603307167","KFS4603307167","bremer","KFS2075","Y"
"4603906716","KFS4603906716","djbinion","KFS3200","Y"
"4606404377","KFS4606404377","jujstitt","KFS2785","Y"
"4612702337","KFS4612702337","ejsnodgr","KFS2533","Y"
"4612702489","KFS4612702489","esisk","KFS3460","Y"
"4615400247","KFS4615400247","mmoreno","KFS3075","Y"
"4618004070","KFS4618004070","ives","KFS1092","Y"
"4628208351","KFS4628208351","jseavey","KFS2846","Y"
"4636809178","KFS4636809178","wthelen","KFS3366","Y"
"4640605151","KFS4640605151","rloucks","KFS3155","Y"
"4642409981","KFS4642409981","ajeckard","KFS3905","Y"
"4649606358","KFS4649606358","tjkoller","KFS3667","Y"
"4655304196","KFS4655304196","ejloftin","KFS2793","Y"
"4655607592","KFS4655607592","imccollo","KFS3445","Y"
"4656208921","KFS4656208921","ihedden","KFS2748","Y"
"4657500196","KFS4657500196","cjaustin","KFS3111","Y"
"4660302992","KFS4660302992","aolivas","KFS3381","Y"
"4663701472","KFS4663701472","jjmelvin","KFS3046","Y"
"4664304215","KFS4664304215","chsisco","KFS2789","Y"
"4667608469","KFS4667608469","mjlaguna","KFS3625","Y"
"4670302271","KFS4670302271","mjirizar","KFS3244","Y"
"4672105003","KFS4672105003","rhambric","KFS3645","Y"
"4676801285","KFS4676801285","nkaiser","KFS3019","Y"
"4679609155","KFS4679609155","cjbrazie","KFS3872","Y"
"4684100678","KFS4684100678","ljlara","KFS3148","Y"
"4685602389","KFS4685602389","kjcastel","KFS3927","Y"
"4686103344","KFS4686103344","mjpond","KFS1026","Y"
"4693407610","KFS4693407610","jjgordy","KFS3192","Y"
"4694201847","KFS4694201847","bjlight","KFS3914","Y"
"4698903228","KFS4698903228","bcalkins","KFS3849","Y"
"4704600556","KFS4704600556","csmall","KFS3700","Y"
"4706809038","KFS4706809038","ndorton","KFS3735","Y"
"4712600700","KFS4712600700","bauer","KFS2594","Y"
"4719903527","KFS4719903527","bkmcmill","KFS3552","Y"
"4720609668","KFS4720609668","tkmair","KFS3985","Y"
"4722108521","KFS4722108521","bksuter","KFS3421","Y"
"4724100112","KFS4724100112","hkreynol","KFS2559","Y"
"4744906489","KFS4744906489","jkhartfi","KFS3814","Y"
"4750006100","KFS4750006100","youngs","KFS2768","Y"
"4756700862","KFS4756700862","mklynn","KFS3253","Y"
"4756903602","KFS4756903602","tgreenle","KFS3281","Y"
"4762009731","KFS4762009731","ebroomfi","KFS3062","Y"
"4763403483","KFS4763403483","aleger","KFS3534","Y"
"4766504540","KFS4766504540","lkswope","KFS2855","Y"
"4769102739","KFS4769102739","sbuford","KFS3162","Y"
"4774304967","KFS4774304967","mhorning","KFS2382","Y"
"4780007818","KFS4780007818","lkmartin","KFS3977","Y"
"4793800681","KFS4793800681","hkpace","KFS1122","Y"
"4794809877","KFS4794809877","bkwear","KFS1731","Y"
"4796508053","KFS4796508053","akhayash","KFS3515","Y"
"4797306442","KFS4797306442","tfederic","KFS3009","Y"
"4797500314","KFS4797500314","jpowers","KFS3870","Y"
"4798002903","KFS4798002903","bkeverha","KFS2944","Y"
"4800204985","KFS4800204985","psoper","KFS3987","Y"
"4803009890","KFS4803009890","theiss","KFS1061","Y"
"4809905701","KFS4809905701","elnichol","KFS3008","Y"
"4813308951","KFS4813308951","pdelozie","KFS2877","Y"
"4816704135","KFS4816704135","slcatron","KFS3999","Y"
"4818506871","KFS4818506871","ferland","KFS1015","Y"
"4820905777","KFS4820905777","tokilbur","KFS3045","Y"
"4823004194","KFS4823004194","jmuhamma","KFS3766","Y"
"4825300095","KFS4825300095","tbryant","KFS3896","Y"
"4827006335","KFS4827006335","lltoy","KFS1093","Y"
"4830903263","KFS4830903263","headley","KFS1042","Y"
"4835307856","KFS4835307856","fboden","KFS3004","Y"
"4835506250","KFS4835506250","klsiever","KFS3321","Y"
"4836204798","KFS4836204798","cllabont","KFS3365","Y"
"4843207887","KFS4843207887","fmohan","KFS3383","Y"
"4846906494","KFS4846906494","llfudge","KFS1106","Y"
"4851904064","KFS4851904064","slscoggi","KFS3325","Y"
"4857804867","KFS4857804867","tpenrod","KFS1084","Y"
"4863206315","KFS4863206315","khollist","KFS3030","Y"
"4870000452","KFS4870000452","poole","KFS2163","Y"
"4871608002","KFS4871608002","borst","KFS1038","Y"
"4878002324","KFS4878002324","kmcgrego","KFS3456","Y"
"4879901673","KFS4879901673","mcahill","KFS2916","Y"
"4882002485","KFS4882002485","llhan","KFS2062","Y"
"4886008480","KFS4886008480","ngravitt","KFS3825","Y"
"4888706937","KFS4888706937","mlzelaya","KFS3920","Y"
"4889307849","KFS4889307849","schabot","KFS3101","Y"
"4889803213","KFS4889803213","albarrow","KFS2995","Y"
"4898207162","KFS4898207162","vcraver","KFS1103","Y"
"4905907619","KFS4905907619","dunkle","KFS1055","Y"
"4933109100","KFS4933109100","munford","KFS1059","Y"
"4936104131","KFS4936104131","amdelgad","KFS3280","Y"
"4939700542","KFS4939700542","blang","KFS2813","Y"
"4941302701","KFS4941302701","kmoutlaw","KFS3740","Y"
"4943500789","KFS4943500789","lmmorin","KFS3371","Y"
"4948501221","KFS4948501221","thurman","KFS2247","Y"
"4949701040","KFS4949701040","orangel","KFS3038","Y"
"4951900430","KFS4951900430","smnunez","KFS3127","Y"
"4954408828","KFS4954408828","tmhavila","KFS1060","Y"
"4956605958","KFS4956605958","cmgaona","KFS3682","Y"
"4958502875","KFS4958502875","fmlomax","KFS3887","Y"
"4959604187","KFS4959604187","cmvan","KFS3648","Y"
"4965200876","KFS4965200876","lguy","KFS2919","Y"
"4965407189","KFS4965407189","smoffatt","KFS2820","Y"
"4968607063","KFS4968607063","lshubert","KFS3764","Y"
"4971403958","KFS4971403958","vdurden","KFS2760","Y"
"4984801399","KFS4984801399","mmcarlis","KFS3042","Y"
"4986309372","KFS4986309372","gyim","KFS3095","Y"
"4987604807","KFS4987604807","cage","KFS1638","Y"
"4988506457","KFS4988506457","tabbey","KFS3177","Y"
"4988707000","KFS4988707000","mswink","KFS3469","Y"
"4995109185","KFS4995109185","kstraka","KFS3960","Y"
"4999002723","KFS4999002723","lsouth","KFS2868","Y"
"5001606818","KFS5001606818","sfitz","KFS3403","Y"
"5002501009","KFS5002501009","dnlucero","KFS3569","Y"
"5003409252","KFS5003409252","rncordob","KFS3506","Y"
"5004802845","KFS5004802845","anomalle","KFS3774","Y"
"5004807794","KFS5004807794","schock","KFS2049","Y"
"5009908085","KFS5009908085","enaquila","KFS3183","Y"
"5011403363","KFS5011403363","gnmarqui","KFS3317","Y"
"5012508745","KFS5012508745","eneberso","KFS3964","Y"
"5014404390","KFS5014404390","cnmattos","KFS1444","Y"
"5018607807","KFS5018607807","hperdomo","KFS3638","Y"
"5021101777","KFS5021101777","longoria","KFS2383","Y"
"5023709651","KFS5023709651","piotrows","KFS1123","Y"
"5025501749","KFS5025501749","ineff","KFS4032","Y"
"5026506974","KFS5026506974","jndeans","KFS3599","Y"
"5035908682","KFS5035908682","vwork","KFS3457","Y"
"5043206372","KFS5043206372","fbennet","KFS3487","Y"
"5044208971","KFS5044208971","ebasinge","KFS3594","Y"
"5044909843","KFS5044909843","jnfehr","KFS1689","Y"
"5045201884","KFS5045201884","kherring","KFS3984","Y"
"5045602480","KFS5045602480","oacker","KFS3523","Y"
"5049406169","KFS5049406169","ologgins","KFS3025","Y"
"5049708811","KFS5049708811","onmckame","KFS3096","Y"
"5051008243","KFS5051008243","pnseibel","KFS2900","Y"
"5053009758","KFS5053009758","tnwendli","KFS3624","Y"
"5055007358","KFS5055007358","lbehr","KFS4010","Y"
"5060800242","KFS5060800242","snfrazie","KFS2881","Y"
"5062605797","KFS5062605797","cory","KFS1264","Y"
"5065306127","KFS5065306127","rnfant","KFS3644","Y"
"5065906725","KFS5065906725","gnvidrin","KFS2997","Y"
"5067806570","KFS5067806570","cnwilche","KFS3943","Y"
"5068701724","KFS5068701724","lboykin","KFS2759","Y"
"5069707491","KFS5069707491","icrossla","KFS3500","Y"
"5074403509","KFS5074403509","cnleung","KFS3865","Y"
"5084103589","KFS5084103589","kelso","KFS4042","Y"
"5089405013","KFS5089405013","mwaits","KFS3414","Y"
"5089905442","KFS5089905442","kite","KFS2904","Y"
"5097701374","KFS5097701374","cbernal","KFS1037","Y"
"5100203763","KFS5100203763","psturgeo","KFS3661","Y"
"5101601385","KFS5101601385","sochung","KFS3719","Y"
"5102107521","KFS5102107521","momenefe","KFS3621","Y"
"5103107704","KFS5103107704","balbin","KFS3347","Y"
"5120607747","KFS5120607747","keele","KFS1097","Y"
"5121105659","KFS5121105659","leatherw","KFS2998","Y"
"5124902112","KFS5124902112","domott","KFS3941","Y"
"5147200470","KFS5147200470","mlloyd","KFS3211","Y"
"5147505131","KFS5147505131","mochrism","KFS3578","Y"
"5151809337","KFS5151809337","cofye","KFS3803","Y"
"5154406618","KFS5154406618","trashbur","KFS3579","Y"
"5157601830","KFS5157601830","mohuddle","KFS3133","Y"
"5163208565","KFS5163208565","kjulius","KFS3040","Y"
"5163907497","KFS5163907497","sobojorq","KFS3518","Y"
"5166508090","KFS5166508090","lyarber","KFS3545","Y"
"5166900312","KFS5166900312","esteele","KFS3420","Y"
"5168704099","KFS5168704099","locandel","KFS2568","Y"
"5171509918","KFS5171509918","lquesenb","KFS3854","Y"
"5172302837","KFS5172302837","aseitz","KFS3203","Y"
"5175302021","KFS5175302021","dubose","KFS2967","Y"
"5175504470","KFS5175504470","eomarble","KFS3990","Y"
"5176701495","KFS5176701495","omarin","KFS3522","Y"
"5179707129","KFS5179707129","aoschexn","KFS2742","Y"
"5183806303","KFS5183806303","jneace","KFS3337","Y"
"5184906417","KFS5184906417","etolenti","KFS3695","Y"
"5186100361","KFS5186100361","moglover","KFS3436","Y"
"5186102229","KFS5186102229","mofortun","KFS3834","Y"
"5187400048","KFS5187400048","evans","KFS1783","Y"
"5193204888","KFS5193204888","losoilea","KFS3422","Y"
"5206907102","KFS5206907102","jpdamato","KFS3491","Y"
"5210403288","KFS5210403288","rpahmed","KFS3673","Y"
"5214509007","KFS5214509007","lplingo","KFS3312","Y"
"5222808600","KFS5222808600","aasberry","KFS3668","Y"
"5223406485","KFS5223406485","cphovis","KFS1022","Y"
"5231501612","KFS5231501612","hstringe","KFS1083","Y"
"5238208156","KFS5238208156","jpvarnad","KFS3440","Y"
"5238503444","KFS5238503444","mylarge","KFS3078","Y"
"5240003343","KFS5240003343","besnead","KFS3405","Y"
"5242108705","KFS5242108705","mormsby","KFS3286","Y"
"5245605311","KFS5245605311","felker","KFS1017","Y"
"5246301400","KFS5246301400","spaldrid","KFS3478","Y"
"5246402917","KFS5246402917","kpcosby","KFS2784","Y"
"5248201148","KFS5248201148","leldridg","KFS3921","Y"
"5251106649","KFS5251106649","rpgailey","KFS1043","Y"
"5253907165","KFS5253907165","tcolella","KFS3156","Y"
"5254708562","KFS5254708562","bkiely","KFS3929","Y"
"5262907175","KFS5262907175","ktowner","KFS2838","Y"
"5263304328","KFS5263304328","smoll","KFS3278","Y"
"5263908889","KFS5263908889","sprigdon","KFS2999","Y"
"5264206522","KFS5264206522","rprobich","KFS3437","Y"
"5267600242","KFS5267600242","mfrazier","KFS3301","Y"
"5268706644","KFS5268706644","lphoggar","KFS3072","Y"
"5269109539","KFS5269109539","splittle","KFS3073","Y"
"5270505628","KFS5270505628","mpchick","KFS3149","Y"
"5273000148","KFS5273000148","nphunt","KFS3898","Y"
"5275500357","KFS5275500357","epfarmer","KFS2808","Y"
"5275603672","KFS5275603672","cpcheung","KFS3448","Y"
"5282906856","KFS5282906856","nlovelad","KFS3536","Y"
"5284404032","KFS5284404032","jpbuss","KFS3753","Y"
"5288404715","KFS5288404715","rhoden","KFS2641","Y"
"5291706249","KFS5291706249","csilvers","KFS2927","Y"
"5293405344","KFS5293405344","jegbert","KFS4033","Y"
"5295208044","KFS5295208044","dlesko","KFS3164","Y"
"5298004803","KFS5298004803","bpeads","KFS3916","Y"
"5299507056","KFS5299507056","bptull","KFS3531","Y"
"5302509476","KFS5302509476","darneson","KFS3232","Y"
"5309207209","KFS5309207209","tgusman","KFS3935","Y"
"5321703130","KFS5321703130","aqburdet","KFS2966","Y"
"5326500715","KFS5326500715","jeliving","KFS2979","Y"
"5331201785","KFS5331201785","season","KFS3117","Y"
"5331903365","KFS5331903365","keasterl","KFS2896","Y"
"5334003983","KFS5334003983","jqahern","KFS3553","Y"
"5335305005","KFS5335305005","fqedmund","KFS3883","Y"
"5335603449","KFS5335603449","mqgoad","KFS3947","Y"
"5335901264","KFS5335901264","stroud","KFS2772","Y"
"5340904165","KFS5340904165","eqwalsto","KFS3037","Y"
"5344900879","KFS5344900879","jqfreder","KFS3850","Y"
"5351701368","KFS5351701368","aqdwyer","KFS3514","Y"
"5360205001","KFS5360205001","haworth","KFS2922","Y"
"5360703640","KFS5360703640","boliveir","KFS3251","Y"
"5360707517","KFS5360707517","bottinge","KFS4030","Y"
"5362002681","KFS5362002681","ehite","KFS3267","Y"
"5366808694","KFS5366808694","jqskelly","KFS3724","Y"
"5367103951","KFS5367103951","misaacso","KFS3464","Y"
"5368508241","KFS5368508241","asollars","KFS3240","Y"
"5369106674","KFS5369106674","stolman","KFS3173","Y"
"5370700381","KFS5370700381","mortega","KFS3005","Y"
"5370702076","KFS5370702076","mwilling","KFS3461","Y"
"5373008390","KFS5373008390","nqgilroy","KFS3600","Y"
"5378107921","KFS5378107921","eberglun","KFS2895","Y"
"5379008502","KFS5379008502","burd","KFS1040","Y"
"5384207659","KFS5384207659","dqnicol","KFS3358","Y"
"5384306295","KFS5384306295","lqridge","KFS3604","Y"
"5388101202","KFS5388101202","aemery","KFS3016","Y"
"5390502344","KFS5390502344","aqharp","KFS3396","Y"
"5393601315","KFS5393601315","mtomlins","KFS3114","Y"
"5397206164","KFS5397206164","rmunroe","KFS3398","Y"
"5398709821","KFS5398709821","kqjacint","KFS2777","Y"
"5400901960","KFS5400901960","mafenton","KFS3917","Y"
"5401106715","KFS5401106715","lrborows","KFS2659","Y"
"5402206934","KFS5402206934","lrbasso","KFS2870","Y"
"5403600079","KFS5403600079","kbarnes","KFS3231","Y"
"5412209968","KFS5412209968","trfurst","KFS3997","Y"
"5413104033","KFS5413104033","bunnell","KFS1071","Y"
"5416508423","KFS5416508423","lrwester","KFS1470","Y"
"5420400165","KFS5420400165","rrstephe","KFS3669","Y"
"5421008748","KFS5421008748","edrye","KFS2873","Y"
"5423102694","KFS5423102694","gkraus","KFS3199","Y"
"5424404553","KFS5424404553","vmagnuso","KFS3137","Y"
"5430509566","KFS5430509566","hadfield","KFS2764","Y"
"5437005344","KFS5437005344","kegbert","KFS2840","Y"
"5448802231","KFS5448802231","crtoth","KFS3861","Y"
"5452902895","KFS5452902895","erdocker","KFS3683","Y"
"5454406993","KFS5454406993","talden","KFS3188","Y"
"5455507137","KFS5455507137","kemenese","KFS3245","Y"
"5464509740","KFS5464509740","boman","KFS1046","Y"
"5468701656","KFS5468701656","lrsegura","KFS3926","Y"
"5469103838","KFS5469103838","sgarris","KFS3010","Y"
"5472506840","KFS5472506840","bred","KFS3780","Y"
"5476301425","KFS5476301425","aseals","KFS3759","Y"
"5483808706","KFS5483808706","jrnickel","KFS3341","Y"
"5498505504","KFS5498505504","ndarr","KFS1049","Y"
"5505306341","KFS5505306341","hreber","KFS3634","Y"
"5505804257","KFS5505804257","jblaine","KFS3060","Y"
"5507604316","KFS5507604316","icarbaja","KFS3180","Y"
"5509109086","KFS5509109086","lssohn","KFS2369","Y"
"5511601466","KFS5511601466","vhouser","KFS3036","Y"
"5516501534","KFS5516501534","lsepps","KFS3936","Y"
"5518608449","KFS5518608449","hsnussba","KFS2969","Y"
"5525106066","KFS5525106066","vpatch","KFS3945","Y"
"5525505651","KFS5525505651","isrosenf","KFS3729","Y"
"5526807351","KFS5526807351","nscalvo","KFS3588","Y"
"5535209660","KFS5535209660","osmilo","KFS3650","Y"
"5535405928","KFS5535405928","ssclaudi","KFS3906","Y"
"5541103026","KFS5541103026","msbasham","KFS3541","Y"
"5541506375","KFS5541506375","ntharpe","KFS3548","Y"
"5546405401","KFS5546405401","kslemoin","KFS3741","Y"
"5557907664","KFS5557907664","rsmccull","KFS3161","Y"
"5558702729","KFS5558702729","dsmeehan","KFS3404","Y"
"5561408311","KFS5561408311","pcopenha","KFS2955","Y"
"5563807567","KFS5563807567","gtolle","KFS3762","Y"
"5564804827","KFS5564804827","jsdenman","KFS3213","Y"
"5566302804","KFS5566302804","jsuribe","KFS3323","Y"
"5566404040","KFS5566404040","ssstidha","KFS2809","Y"
"5576601733","KFS5576601733","jsali","KFS3723","Y"
"5589007124","KFS5589007124","msslushe","KFS3243","Y"
"5589307751","KFS5589307751","ssjacobo","KFS1075","Y"
"5594003018","KFS5594003018","lminter","KFS3020","Y"
"5594206387","KFS5594206387","bramer","KFS2976","Y"
"5598104606","KFS5598104606","asgilmer","KFS3003","Y"
"5598509810","KFS5598509810","nloeb","KFS3241","Y"
"5599000352","KFS5599000352","lmack","KFS3893","Y"
"5599001606","KFS5599001606","engel","KFS1041","Y"
"5601108543","KFS5601108543","linorthr","KFS3318","Y"
"5607503790","KFS5607503790","ttellez","KFS3969","Y"
"5610607857","KFS5610607857","ctbeckfo","KFS2656","Y"
"5614708043","KFS5614708043","jtlieb","KFS3802","Y"
"5614708900","KFS5614708900","jtnuss","KFS3181","Y"
"5621906847","KFS5621906847","parke","KFS2790","Y"
"5622705948","KFS5622705948","comcclus","KFS3701","Y"
"5627305015","KFS5627305015","ptvalent","KFS3886","Y"
"5630801602","KFS5630801602","cmcmulle","KFS3749","Y"
"5631302174","KFS5631302174","imixon","KFS2767","Y"
"5641904609","KFS5641904609","ptdaught","KFS1526","Y"
"5642104006","KFS5642104006","mancini","KFS2756","Y"
"5644206109","KFS5644206109","erodarte","KFS3124","Y"
"5652205916","KFS5652205916","jgrazian","KFS2960","Y"
"5653408083","KFS5653408083","atbailla","KFS3443","Y"
"5655408851","KFS5655408851","ctcampo","KFS2798","Y"
"5660204051","KFS5660204051","lholcomb","KFS3889","Y"
"5660602371","KFS5660602371","supton","KFS2587","Y"
"5666106211","KFS5666106211","ktmcphai","KFS3145","Y"
"5669408939","KFS5669408939","atencarn","KFS3742","Y"
"5672201534","KFS5672201534","hepps","KFS1482","Y"
"5674104312","KFS5674104312","ctforet","KFS3454","Y"
"5678308914","KFS5678308914","zkuehl","KFS3710","Y"
"5678802241","KFS5678802241","hsinglet","KFS1098","Y"
"5682002398","KFS5682002398","durbin","KFS1073","Y"
"5683305708","KFS5683305708","ktgourle","KFS3226","Y"
"5686203320","KFS5686203320","mpulido","KFS3425","Y"
"5689604619","KFS5689604619","jtstroup","KFS3001","Y"
"5691404828","KFS5691404828","ltchiu","KFS3378","Y"
"5694307882","KFS5694307882","nighting","KFS2901","Y"
"5703004918","KFS5703004918","mschramm","KFS3157","Y"
"5714106800","KFS5714106800","dumartin","KFS3770","Y"
"5716402724","KFS5716402724","jhavens","KFS4034","Y"
"5720209145","KFS5720209145","cdance","KFS3526","Y"
"5721404797","KFS5721404797","philips","KFS2885","Y"
"5725905238","KFS5725905238","lboswort","KFS3259","Y"
"5729300245","KFS5729300245","day","KFS2807","Y"
"5740007891","KFS5740007891","bumaxson","KFS3951","Y"
"5748808825","KFS5748808825","cjeanbap","KFS3533","Y"
"5749406689","KFS5749406689","mceacher","KFS1029","Y"
"5750603189","KFS5750603189","mflander","KFS3415","Y"
"5751603865","KFS5751603865","arriaga","KFS1086","Y"
"5752908620","KFS5752908620","eurainer","KFS3801","Y"
"5754604266","KFS5754604266","kloera","KFS2931","Y"
"5755900139","KFS5755900139","audixon","KFS2912","Y"
"5758507907","KFS5758507907","fufreder","KFS3539","Y"
"5759504722","KFS5759504722","cknotts","KFS3044","Y"
"5771807326","KFS5771807326","eukasten","KFS3606","Y"
"5776103043","KFS5776103043","clancy","KFS2584","Y"
"5778107441","KFS5778107441","earenas","KFS3153","Y"
"5779506654","KFS5779506654","gendicot","KFS2869","Y"
"5785104639","KFS5785104639","mroundtr","KFS3549","Y"
"5788201508","KFS5788201508","kukay","KFS2344","Y"
"5789807604","KFS5789807604","auhuth","KFS3642","Y"
"5790902739","KFS5790902739","nbuford","KFS3458","Y"
"5796405373","KFS5796405373","tudeange","KFS3911","Y"
"5797507352","KFS5797507352","byerly","KFS1864","Y"
"5799701976","KFS5799701976","iboudrea","KFS3693","Y"
"5801103380","KFS5801103380","lvchisol","KFS3950","Y"
"5801508274","KFS5801508274","hvmarte","KFS3335","Y"
"5807508729","KFS5807508729","tislas","KFS3112","Y"
"5811904314","KFS5811904314","sfife","KFS2882","Y"
"5815402801","KFS5815402801","mvcintro","KFS3528","Y"
"5815608065","KFS5815608065","bdoney","KFS3382","Y"
"5822209974","KFS5822209974","dflickin","KFS3394","Y"
"5822600575","KFS5822600575","mvwhiteh","KFS3919","Y"
"5834605317","KFS5834605317","oblood","KFS1025","Y"
"5838306122","KFS5838306122","ehyder","KFS3223","Y"
"5840802300","KFS5840802300","mvliu","KFS3115","Y"
"5840806578","KFS5840806578","mserra","KFS2854","Y"
"5846500376","KFS5846500376","potter","KFS2835","Y"
"5852509909","KFS5852509909","rrunkle","KFS3623","Y"
"5870509419","KFS5870509419","mvmiceli","KFS3221","Y"
"5873409408","KFS5873409408","lplemmon","KFS2884","Y"
"5876509454","KFS5876509454","sessary","KFS3972","Y"
"5877408321","KFS5877408321","bvbrenne","KFS3838","Y"
"5879307396","KFS5879307396","lvlinebe","KFS3263","Y"
"5885006333","KFS5885006333","cwendel","KFS3205","Y"
"5901400346","KFS5901400346","bwburges","KFS3732","Y"
"5905401470","KFS5905401470","ttoney","KFS1110","Y"
"5914204036","KFS5914204036","awautry","KFS3720","Y"
"5917508140","KFS5917508140","agarry","KFS3351","Y"
"5918604591","KFS5918604591","hschrein","KFS3840","Y"
"5919702911","KFS5919702911","swdunnin","KFS3495","Y"
"5925801181","KFS5925801181","mcrow","KFS3832","Y"
"5927407565","KFS5927407565","nwviolet","KFS3338","Y"
"5934406882","KFS5934406882","fbranton","KFS3258","Y"
"5949304259","KFS5949304259","mwampler","KFS2968","Y"
"5951409987","KFS5951409987","fcurrey","KFS4002","Y"
"5960108774","KFS5960108774","mwwilkey","KFS2412","Y"
"5963804650","KFS5963804650","gdonato","KFS3846","Y"
"5965907037","KFS5965907037","gcurrin","KFS3527","Y"
"5967802348","KFS5967802348","cwwagone","KFS2949","Y"
"5969106553","KFS5969106553","sderry","KFS3088","Y"
"5969905212","KFS5969905212","wwyager","KFS3711","Y"
"5989900763","KFS5989900763","jwchurch","KFS2823","Y"
"5996003203","KFS5996003203","rwporter","KFS2897","Y"
"5998202207","KFS5998202207","barth","KFS1076","Y"
"6001205150","KFS6001205150","nmullens","KFS3489","Y"
"6010708540","KFS6010708540","province","KFS1096","Y"
"6011107934","KFS6011107934","cxtrader","KFS3442","Y"
"6012204256","KFS6012204256","tbumgarn","KFS2806","Y"
"6019504164","KFS6019504164","vyoon","KFS1070","Y"
"6022009496","KFS6022009496","cxtedesc","KFS1109","Y"
"6038600202","KFS6038600202","lgutierr","KFS3076","Y"
"6044901223","KFS6044901223","jxhoskin","KFS3408","Y"
"6048001844","KFS6048001844","starnes","KFS1717","Y"
"6050504460","KFS6050504460","whyte","KFS2894","Y"
"6051803775","KFS6051803775","crodrigu","KFS3537","Y"
"6054309812","KFS6054309812","jxlinder","KFS3785","Y"
"6054406226","KFS6054406226","tguarino","KFS2778","Y"
"6063504751","KFS6063504751","mhaase","KFS3517","Y"
"6065408755","KFS6065408755","sxclower","KFS2941","Y"
"6076306314","KFS6076306314","howlett","KFS1686","Y"
"6076602019","KFS6076602019","jguillor","KFS3015","Y"
"6080308182","KFS6080308182","exmalek","KFS3875","Y"
"6085806353","KFS6085806353","oxleong","KFS3474","Y"
"6090303239","KFS6090303239","ctuck","KFS1637","Y"
"6090605470","KFS6090605470","stoole","KFS3134","Y"
"6094500409","KFS6094500409","dxmccart","KFS3544","Y"
"6098801303","KFS6098801303","dquick","KFS3841","Y"
"6100502474","KFS6100502474","epimente","KFS3869","Y"
"6105807539","KFS6105807539","jyfectea","KFS3811","Y"
"6110703327","KFS6110703327","fhogg","KFS3210","Y"
"6121801715","KFS6121801715","staley","KFS1105","Y"
"6126708165","KFS6126708165","mshackle","KFS2851","Y"
"6132403622","KFS6132403622","jywhitco","KFS3806","Y"
"6137600107","KFS6137600107","woods","KFS1000","Y"
"6139306823","KFS6139306823","fclyburn","KFS4031","Y"
"6142507501","KFS6142507501","dywoosle","KFS3672","Y"
"6156003233","KFS6156003233","cywertz","KFS3976","Y"
"6156606070","KFS6156606070","cymagill","KFS2805","Y"
"6158003283","KFS6158003283","earley","KFS1081","Y"
"6162502038","KFS6162502038","khuntley","KFS3776","Y"
"6164904958","KFS6164904958","orton","KFS2227","Y"
"6165100953","KFS6165100953","fkirklan","KFS3892","Y"
"6170904981","KFS6170904981","cotowle","KFS3598","Y"
"6172204597","KFS6172204597","hykrug","KFS3255","Y"
"6176006856","KFS6176006856","mylovela","KFS1172","Y"
"6176204753","KFS6176204753","syfredri","KFS1531","Y"
"6176502537","KFS6176502537","symauldi","KFS3234","Y"
"6177806959","KFS6177806959","tlandes","KFS3574","Y"
"6182208707","KFS6182208707","mnaumann","KFS2986","Y"
"6185006765","KFS6185006765","cydowner","KFS3270","Y"
"6195608772","KFS6195608772","lyamey","KFS3497","Y"
"6207703270","KFS6207703270","jzarteag","KFS3859","Y"
"6208601267","KFS6208601267","jtipton","KFS2819","Y"
"6209103891","KFS6209103891","lseverso","KFS2763","Y"
"6214907514","KFS6214907514","riendeau","KFS2655","Y"
"6218206268","KFS6218206268","rdeen","KFS3147","Y"
"6218805472","KFS6218805472","tedesco","KFS2803","Y"
"6219003014","KFS6219003014","ysteed","KFS1104","Y"
"6219307217","KFS6219307217","kdimaggi","KFS3360","Y"
"6219408423","KFS6219408423","kwestern","KFS2745","Y"
"6221706714","KFS6221706714","abrockwa","KFS3827","Y"
"6224007077","KFS6224007077","mzmanion","KFS3026","Y"
"6235900785","KFS6235900785","vholman","KFS3412","Y"
"6240307307","KFS6240307307","kpridemo","KFS2842","Y"
"6242205377","KFS6242205377","dzbenham","KFS3480","Y"
"6245103433","KFS6245103433","gmcvey","KFS2853","Y"
"6248700096","KFS6248700096","szalexan","KFS1438","Y"
"6258007742","KFS6258007742","dmarrufo","KFS2755","Y"
"6259500614","KFS6259500614","czjohns","KFS3703","Y"
"6261002670","KFS6261002670","cary","KFS1050","Y"
"6261900995","KFS6261900995","aknowles","KFS3363","Y"
"6269308135","KFS6269308135","shaigh","KFS2993","Y"
"6269708732","KFS6269708732","izhillye","KFS2749","Y"
"6272309454","KFS6272309454","azessary","KFS2994","Y"
"6274603810","KFS6274603810","cmccue","KFS3238","Y"
"6276904397","KFS6276904397","heagle","KFS2867","Y"
"6288405390","KFS6288405390","wrhineha","KFS1399","Y"
"6291109390","KFS6291109390","lzshambl","KFS3848","Y"
"6291508813","KFS6291508813","cmarkel","KFS3543","Y"
"6295106954","KFS6295106954","kzmcatee","KFS3768","Y"
"A000000001","KFSA000000001","akoontz","KFS4078","Y"
"A000000002","KFSA000000002","aburton","KFS4079","Y"
"A000000003","KFSA000000003","ayoung","KFS4080","Y"
"A000000004","KFSA000000004","avogel","KFS4081","Y"
"A000000005","KFSA000000005","agetz","KFS4082","Y"
"A000000006","KFSA000000006","aferree","KFS4083","Y"
"A000000007","KFSA000000007","acoatney","KFS4084","Y"
"A000000008","KFSA000000008","abarge","KFS4085","Y"
"A000000009","KFSA000000009","amorgan","KFS4086","Y"
"A000000010","KFSA000000010","awright","KFS4087","Y"
"C000000001","KFSC000000001","cdonnell","KFS4058","Y"
"C000000002","KFSC000000002","cpeterso","KFS4059","Y"
"C000000003","KFSC000000003","cgreatho","KFS4060","Y"
"C000000004","KFSC000000004","cnoble","KFS4061","Y"
"C000000005","KFSC000000005","cmorriso","KFS4062","Y"
"C000000006","KFSC000000006","cemsley","KFS4063","Y"
"C000000007","KFSC000000007","cmcmeans","KFS4064","Y"
"C000000008","KFSC000000008","cburket","KFS4065","Y"
"C000000009","KFSC000000009","csylvest","KFS4066","Y"
"C000000010","KFSC000000010","cabrams","KFS4067","Y"
"D000000001","KFSD000000001","dmarin","KFS4068","Y"
"D000000002","KFSD000000002","dforsyth","KFS4069","Y"
"D000000003","KFSD000000003","dberry","KFS4070","Y"
"D000000004","KFSD000000004","dshipman","KFS4071","Y"
"D000000005","KFSD000000005","dsears","KFS4072","Y"
"D000000006","KFSD000000006","dfreelan","KFS4073","Y"
"D000000007","KFSD000000007","ddunlap","KFS4074","Y"
"D000000008","KFSD000000008","dellis","KFS4075","Y"
"D000000009","KFSD000000009","dgrainge","KFS4076","Y"
"D000000010","KFSD000000010","dmonroe","KFS4077","Y"
"H000000001","KFSH000000001","hnelson","KFS4107","Y"
"H000000002","KFSH000000002","hmoss","KFS4108","Y"
"H000000003","KFSH000000003","hgonzale","KFS4109","Y"
"H000000004","KFSH000000004","hwilliam","KFS4110","Y"
"H000000005","KFSH000000005","hbender","KFS4111","Y"
"H000000006","KFSH000000006","hsanders","KFS4112","Y"
"H000000007","KFSH000000007","hfields","KFS4113","Y"
"H000000008","KFSH000000008","hcarmich","KFS4114","Y"
"H000000009","KFSH000000009","heads","KFS4115","Y"
"H000000010","KFSH000000010","hkeller","KFS4116","Y"
"I000000001","KFSI000000001","ihenley","KFS4048","Y"
"I000000002","KFSI000000002","ianderso","KFS4049","Y"
"I000000003","KFSI000000003","imatthew","KFS4050","Y"
"I000000004","KFSI000000004","icain","KFS4051","Y"
"I000000005","KFSI000000005","iklein","KFS4052","Y"
"I000000006","KFSI000000006","itaylor","KFS4053","Y"
"I000000007","KFSI000000007","ismith","KFS4054","Y"
"I000000008","KFSI000000008","ijohnson","KFS4055","Y"
"I000000009","KFSI000000009","itarking","KFS4056","Y"
"I000000010","KFSI000000010","imccloud","KFS4057","Y"
"M000000001","KFSM000000001","mbaxter","KFS4088","Y"
"M000000002","KFSM000000002","mgray","KFS4089","Y"
"M000000003","KFSM000000003","mhandley","KFS4090","Y"
"M000000004","KFSM000000004","mlee","KFS4091","Y"
"M000000005","KFSM000000005","mlawyer","KFS4092","Y"
"M000000006","KFSM000000006","mnorman","KFS4093","Y"
"M000000007","KFSM000000007","mobrian","KFS4094","Y"
"M000000008","KFSM000000008","mpayne","KFS4095","Y"
"M000000009","KFSM000000009","mhart","KFS4096","Y"
"M000000010","KFSM000000010","mquick","KFS4097","Y"
"U000000001","KFSU000000001","uryan","KFS4098","Y"
"U000000002","KFSU000000002","usampson","KFS4099","Y"
"U000000003","KFSU000000003","uallen","KFS4100","Y"
"U000000004","KFSU000000004","uvoss","KFS4047","Y"
"U000000005","KFSU000000005","utroyer","KFS4101","Y"
"U000000006","KFSU000000006","uwarren","KFS4102","Y"
"U000000007","KFSU000000007","uyoder","KFS4103","Y"
"U000000008","KFSU000000008","uzane","KFS4104","Y"
"U000000009","KFSU000000009","uyolinsk","KFS4105","Y"
"U000000010","KFSU000000010","ubrava","KFS4106","Y"
