INSERT INTO KREW_DOC_TYP_T(DOC_TYP_ID, PARNT_ID, DOC_TYP_NM, DOC_TYP_VER_NBR, ACTV_IND, CUR_IND, LBL, VER_NBR, RTE_VER_NBR, OBJ_ID) 
    VALUES(krew_doc_hdr_s.nextval, 320880, 'LJVA', 0, 1, 1, 'Labor Journal Voucher - Accrual', 1, 2, sys_guid())
/
INSERT INTO KREW_DOC_TYP_T(DOC_TYP_ID, PARNT_ID, DOC_TYP_NM, DOC_TYP_VER_NBR, ACTV_IND, CUR_IND, LBL, VER_NBR, RTE_VER_NBR, OBJ_ID) 
    VALUES(krew_doc_hdr_s.nextval, 320880, 'LJVC', 0, 1, 1, 'Labor Journal Voucher - Cash', 1, 2, sys_guid())
/
INSERT INTO KREW_DOC_TYP_T(DOC_TYP_ID, PARNT_ID, DOC_TYP_NM, DOC_TYP_VER_NBR, ACTV_IND, CUR_IND, LBL, VER_NBR, RTE_VER_NBR, OBJ_ID) 
    VALUES(krew_doc_hdr_s.nextval, 320880, 'LJVE', 0, 1, 1, 'Labor Journal Voucher - Encumbrance', 1, 2, sys_guid())
/

INSERT INTO KRIM_RSP_T(RSP_ID, OBJ_ID, VER_NBR, RSP_TMPL_ID, NM, DESC_TXT, ACTV_IND, NMSPC_CD)
    VALUES('118', sys_guid(), 1, '1', 'Review', null, 'Y', 'KFS-AR')
/
INSERT INTO KRIM_RSP_ATTR_DATA_T(ATTR_DATA_ID, OBJ_ID, VER_NBR, RSP_ID, KIM_TYP_ID, KIM_ATTR_DEFN_ID, ATTR_VAL)
    VALUES('437', sys_guid(), 1, '118', '7', '13', 'INV')
/
INSERT INTO KRIM_RSP_ATTR_DATA_T(ATTR_DATA_ID, OBJ_ID, VER_NBR, RSP_ID, KIM_TYP_ID, KIM_ATTR_DEFN_ID, ATTR_VAL)
    VALUES('438', sys_guid(), 1, '118', '7', '16', 'Initiator')
/
INSERT INTO KRIM_RSP_ATTR_DATA_T(ATTR_DATA_ID, OBJ_ID, VER_NBR, RSP_ID, KIM_TYP_ID, KIM_ATTR_DEFN_ID, ATTR_VAL)
    VALUES('439', sys_guid(), 1, '118', '7', '40', 'false')
/
INSERT INTO KRIM_RSP_ATTR_DATA_T(ATTR_DATA_ID, OBJ_ID, VER_NBR, RSP_ID, KIM_TYP_ID, KIM_ATTR_DEFN_ID, ATTR_VAL)
    VALUES('440', sys_guid(), 1, '118', '7', '41', 'false')
/
INSERT INTO KRIM_ROLE_RSP_T(ROLE_RSP_ID, OBJ_ID, VER_NBR, ROLE_ID, RSP_ID, ACTV_IND)
    VALUES('1119', sys_guid(), 1, '60', '118', 'Y')
/
INSERT INTO KRIM_ROLE_RSP_ACTN_T(ROLE_RSP_ACTN_ID, OBJ_ID, VER_NBR, ACTN_TYP_CD, PRIORITY_NBR, ACTN_PLCY_CD, ROLE_MBR_ID, ROLE_RSP_ID, FRC_ACTN)
    VALUES('167', sys_guid(), 1, 'A', null, 'F', '*', '1119', 'Y')
/ 

INSERT INTO KRIM_RSP_T(RSP_ID, OBJ_ID, VER_NBR, RSP_TMPL_ID, NM, DESC_TXT, ACTV_IND, NMSPC_CD) 
    VALUES('119', sys_guid(), 1, '1', 'Review', null, 'Y', 'KFS-AR')
/
INSERT INTO KRIM_RSP_ATTR_DATA_T(ATTR_DATA_ID, OBJ_ID, VER_NBR, RSP_ID, KIM_TYP_ID, KIM_ATTR_DEFN_ID, ATTR_VAL) 
    VALUES('441', sys_guid(), 1, '119', '7', '13', 'INVR')
/
INSERT INTO KRIM_RSP_ATTR_DATA_T(ATTR_DATA_ID, OBJ_ID, VER_NBR, RSP_ID, KIM_TYP_ID, KIM_ATTR_DEFN_ID, ATTR_VAL) 
    VALUES('442', sys_guid(), 1, '119', '7', '16', 'Recurrence')
/
INSERT INTO KRIM_RSP_ATTR_DATA_T(ATTR_DATA_ID, OBJ_ID, VER_NBR, RSP_ID, KIM_TYP_ID, KIM_ATTR_DEFN_ID, ATTR_VAL) 
    VALUES('443', sys_guid(), 1, '119', '7', '40', 'false')
/
INSERT INTO KRIM_RSP_ATTR_DATA_T(ATTR_DATA_ID, OBJ_ID, VER_NBR, RSP_ID, KIM_TYP_ID, KIM_ATTR_DEFN_ID, ATTR_VAL) 
    VALUES('444', sys_guid(), 1, '119', '7', '41', 'false')
/
INSERT INTO KRIM_ROLE_RSP_T(ROLE_RSP_ID, OBJ_ID, VER_NBR, ROLE_ID, RSP_ID, ACTV_IND) 
    VALUES('1120', sys_guid(), 1, '76', '119', 'Y')
/
INSERT INTO KRIM_ROLE_RSP_ACTN_T(ROLE_RSP_ACTN_ID, OBJ_ID, VER_NBR, ACTN_TYP_CD, PRIORITY_NBR, ACTN_PLCY_CD, ROLE_MBR_ID, ROLE_RSP_ID, FRC_ACTN) 
    VALUES('168', sys_guid(), 1, 'A', null, 'F', '*', '1120', 'N')
/

INSERT INTO KRIM_ENTITY_EXT_ID_T a
SELECT krim_entity_ext_id_id_s.nextval, sys_guid(), 1, b.entity_id, 'TAX', 'XBy8HbA0p2kc3lalnjPKpA==', SYSDATE from krim_entity_t b
where exists (select 'x' from krim_entity_afltn_t c where b.entity_id = c.entity_id)
/

INSERT INTO KRIM_RSP_T(RSP_ID, OBJ_ID, VER_NBR, RSP_TMPL_ID, NM, DESC_TXT, ACTV_IND, NMSPC_CD) 
    VALUES('120', sys_guid(), 1, '1', 'Review', null, 'Y', 'KFS-FP')
/
INSERT INTO KRIM_RSP_ATTR_DATA_T(ATTR_DATA_ID, OBJ_ID, VER_NBR, RSP_ID, KIM_TYP_ID, KIM_ATTR_DEFN_ID, ATTR_VAL) 
    VALUES('445', sys_guid(), 1, '120', '7', '13', 'PCDO')
/
INSERT INTO KRIM_RSP_ATTR_DATA_T(ATTR_DATA_ID, OBJ_ID, VER_NBR, RSP_ID, KIM_TYP_ID, KIM_ATTR_DEFN_ID, ATTR_VAL) 
    VALUES('446', sys_guid(), 1, '120', '7', '16', 'Account')
/
INSERT INTO KRIM_RSP_ATTR_DATA_T(ATTR_DATA_ID, OBJ_ID, VER_NBR, RSP_ID, KIM_TYP_ID, KIM_ATTR_DEFN_ID, ATTR_VAL) 
    VALUES('447', sys_guid(), 1, '120', '7', '40', 'true')
/
INSERT INTO KRIM_RSP_ATTR_DATA_T(ATTR_DATA_ID, OBJ_ID, VER_NBR, RSP_ID, KIM_TYP_ID, KIM_ATTR_DEFN_ID, ATTR_VAL) 
    VALUES('448', sys_guid(), 1, '120', '7', '41', 'false')
/
INSERT INTO KRIM_ROLE_RSP_T(ROLE_RSP_ID, OBJ_ID, VER_NBR, ROLE_ID, RSP_ID, ACTV_IND) 
    VALUES('1121', sys_guid(), 1, '41', '120', 'Y')
/
INSERT INTO KRIM_ROLE_RSP_ACTN_T(ROLE_RSP_ACTN_ID, OBJ_ID, VER_NBR, ACTN_TYP_CD, PRIORITY_NBR, ACTN_PLCY_CD, ROLE_MBR_ID, ROLE_RSP_ID, FRC_ACTN) 
    VALUES('169', sys_guid(), 1, 'A', null, 'A', '*', '1121', 'Y')
/


